year,election_type,dk,total,reg,turnout
1994,parliamentary,BLANTYRE,196707,267599.0,73.50812222766154
1994,parliamentary,CHIKWAWA,90862,121318.0,74.89572858108443
1994,parliamentary,CHIRADZULU,83378,98812.0,84.38043962271789
1994,parliamentary,CHITIPA,47673,53462.0,89.17174815756987
1994,parliamentary,DEDZA,130159,182812.0,71.19828020042448
1994,parliamentary,DOWA,122829,148090.0,82.94212978594098
1994,parliamentary,KARONGA,72495,84501.0,85.79188411971455
1994,parliamentary,KASUNGU,145257,180462.0,80.49173787279317
1994,parliamentary,LILONGWE,378913,457595.0,82.80531911406375
1994,parliamentary,MACHINGA,211687,258690.0,81.83037612586493
1994,parliamentary,MCHINJI,99522,124806.0,79.7413585885294
1994,parliamentary,MULANJE,202023,257006.0,78.60633603884735
1994,parliamentary,MWANZA,39140,49192.0,79.56578305415515
1994,parliamentary,MZIMBA,226518,272908.0,83.0015976079851
1994,parliamentary,NKHATA BAY,58038,72051.0,80.55127617937295
1994,parliamentary,NKHOTAKOTA,74829,87841.0,85.18687173415603
1994,parliamentary,NSANJE,47874,71305.0,67.13975177056307
1994,parliamentary,NTCHEU,300709,386080.0,77.88774347285536
1994,parliamentary,NTCHISI,45617,56893.0,80.18033853022341
1994,parliamentary,RUMPHI,54043,62273.0,86.78399948613364
1994,parliamentary,SALIMA,73068,92970.0,78.59309454662794
1994,parliamentary,THYOLO,131466,174357.0,75.4004714465149
1994,parliamentary,ZOMBA,172319,214253.0,80.4278119792955
1994,presidential,BLANTYRE,221367,267599.0,82.72340330120815
1994,presidential,CHIKWAWA,92019,121318.0,75.84942053116602
1994,presidential,CHIRADZULU,69129,98812.0,69.96012630044935
1994,presidential,CHITIPA,45961,53462.0,85.96947364483184
1994,presidential,DEDZA,136010,182812.0,74.39883596262827
1994,presidential,DOWA,121262,148090.0,81.88398946586534
1994,presidential,KARONGA,71510,84501.0,84.62621744121371
1994,presidential,KASUNGU,146732,180462.0,81.30908446099457
1994,presidential,LILONGWE,391566,457595.0,85.57042799855768
1994,presidential,MACHINGA,218164,258690.0,84.33414511577564
1994,presidential,MANGOCHI,211549,256162.0,82.58406789453548
1994,presidential,MCHINJI,99245,124806.0,79.5194141307309
1994,presidential,MULANJE,170594,257006.0,66.37743865901965
1994,presidential,MWANZA,39245,49192.0,79.77923239551147
1994,presidential,MZIMBA,235948,272908.0,86.45697451155701
1994,presidential,NKHATA BAY,60042,72051.0,83.33263938043885
1994,presidential,NKHOTAKOTA,74455,87841.0,84.76110244646577
1994,presidential,NSANJE,58043,71305.0,81.40102377112404
1994,presidential,NTCHEU,99474,129918.0,76.566757493188
1994,presidential,NTCHISI,45502,56893.0,79.97820470005097
1994,presidential,RUMPHI,53958,62273.0,86.6475037335603
1994,presidential,SALIMA,71978,92950.0,77.43733189887037
1994,presidential,THYOLO,134748,174357.0,77.28281629071388
1994,presidential,ZOMBA,176711,214253.0,82.47772493267306
1999,parliamentary,BALAKA,315837,337313.0,93.63321306916721
1999,parliamentary,BLANTYRE,381450,405434.0,94.08436391619844
1999,parliamentary,CHIKWAWA,165494,174316.0,94.93907616053605
1999,parliamentary,CHIRADZULU,123131,128439.0,95.86729887339516
1999,parliamentary,CHITIPA,66444,70801.0,93.84613211677801
1999,parliamentary,DEDZA,225492,238353.0,94.60422146983676
1999,parliamentary,DOWA,180070,201082.0,89.55053162391462
1999,parliamentary,KARONGA,94887,100279.0,94.6230018249085
1999,parliamentary,KASUNGU,221752,236987.0,93.57137733293386
1999,parliamentary,LILONGWE,560215,634120.0,88.34526588027502
1999,parliamentary,MANGOCHI,301050,323713.0,92.99904545075421
1999,parliamentary,MCHINJI,118874,128313.0,92.64376953231552
1999,parliamentary,MULANJE,222424,232107.0,95.8282171584657
1999,parliamentary,MWANZA,67454,72093.0,93.56525598879225
1999,parliamentary,MZIMBA,302499,332262.0,91.0423099842895
1999,parliamentary,NKHATA BAY,90738,95399.0,95.1142045514104
1999,parliamentary,NKHOTAKOTA,114391,120162.0,95.19731695544348
1999,parliamentary,NSANJE,94709,99538.0,95.14858646948903
1999,parliamentary,NTCHEU,167852,181841.0,92.30701546955858
1999,parliamentary,NTCHISI,78016,82528.0,94.53276463745638
1999,parliamentary,PHALOMBE,117147,125223.0,93.5507055413143
1999,parliamentary,RUMPHI,74974,80165.0,93.52460550115387
1999,parliamentary,SALIMA,111114,120235.0,92.41402253919408
1999,parliamentary,THYOLO,220904,235178.0,93.93055472875864
1999,parliamentary,ZOMBA,267032,284359.0,93.9066461761365
1999,presidential,BALAKA,127787,136913.0,93.33445326594261
1999,presidential,BLANTYRE,362244,405434.0,89.34721804288738
1999,presidential,CHIKWAWA,159113,174316.0,91.27848275545561
1999,presidential,CHIRADZULU,122774,128439.0,95.58934591518153
1999,presidential,CHITIPA,65668,70801.0,92.75010239968363
1999,presidential,DEDZA,225221,238353.0,94.49052455811339
1999,presidential,DOWA,189664,201082.0,94.32171949751843
1999,presidential,KARONGA,97075,100279.0,96.80491428913331
1999,presidential,KASUNGU,221821,236987.0,93.60049285403841
1999,presidential,LILONGWE,579867,634120.0,91.44436384280577
1999,presidential,MACHINGA,189889,200400.0,94.75499001996009
1999,presidential,MANGOCHI,306936,323713.0,94.81732275194386
1999,presidential,MCHINJI,147831,159895.0,92.45504862566058
1999,presidential,MULANJE,218217,232107.0,94.01569103904664
1999,presidential,MWANZA,67910,72093.0,94.19777232186203
1999,presidential,MZIMBA,323075,332262.0,97.23501333285178
1999,presidential,NKHATA BAY,90991,95399.0,95.37940649273054
1999,presidential,NKHOTAKOTA,113956,120162.0,94.83530567067791
1999,presidential,NSANJE,94751,99538.0,95.19078141011474
1999,presidential,NTCHEU,166722,181841.0,91.68559345802102
1999,presidential,NTCHISI,77995,82528.0,94.50731872818922
1999,presidential,PHALOMBE,117455,125223.0,93.79666674652421
1999,presidential,RUMPHI,75696,80165.0,94.42524792615231
1999,presidential,SALIMA,112422,120235.0,93.50189212791616
1999,presidential,THYOLO,228305,235178.0,97.07753276241824
1999,presidential,ZOMBA,263380,284359.0,92.62235413684814
2004,parliamentary,BALAKA,80589,146626.0,54.96228499720377
2004,parliamentary,BLANTYRE,196776,387958.0,50.7209543301079
2004,parliamentary,CHIKWAWA,118421,195146.0,60.68328328533509
2004,parliamentary,CHIRADZULU,85413,146418.0,58.335040773675374
2004,parliamentary,CHITIPA,52960,87242.0,60.70470644872882
2004,parliamentary,DEDZA,163435,270477.0,60.42473112316389
2004,parliamentary,DOWA,148297,241061.0,61.51845383533628
2004,parliamentary,KARONGA,83417,128144.0,65.0962979148458
2004,parliamentary,KASUNGU,183716,297629.0,61.72651186544322
2004,parliamentary,LIKOMA,3574,4794.0,74.55152273675426
2004,parliamentary,LILONGWE,439352,703356.0,62.465095911600955
2004,parliamentary,MACHINGA,134059,213162.0,62.89066531558157
2004,parliamentary,MANGOCHI,189822,297052.0,63.9019430941384
2004,parliamentary,MCHINJI,111124,192927.0,57.59898821834165
2004,parliamentary,MULANJE,136446,219860.0,62.06040207404712
2004,parliamentary,MWANZA,17171,32196.0,53.3327121381538
2004,parliamentary,MZIMBA,227381,329184.0,69.07413483036842
2004,parliamentary,NENO,18465,43502.0,42.44632430692842
2004,parliamentary,NKHATA BAY,47916,84451.0,56.73822690080639
2004,parliamentary,NKHOTAKOTA,85205,134767.0,63.22393464275379
2004,parliamentary,NSANJE,73859,118775.0,62.183961271311304
2004,parliamentary,NTCHEU,86590,179079.0,48.3529615421127
2004,parliamentary,NTCHISI,59809,97360.0,61.43077239112572
2004,parliamentary,PHALOMBE,74868,134843.0,55.52234821236549
2004,parliamentary,RUMPHI,54288,92250.0,58.84878048780487
2004,parliamentary,SALIMA,91062,142623.0,63.84804694894933
2004,parliamentary,THYOLO,139314,259858.0,53.61158786721979
2004,parliamentary,ZOMBA,172714,320130.0,53.95120732202543
2009,parliamentary,BALAKA,112550,142366.0,79.05679726901086
2009,parliamentary,BLANTYRE,346878,468180.0,74.09073433294887
2009,parliamentary,CHIKWAWA,152128,194884.0,78.06079513967283
2009,parliamentary,CHIRADZULU,104451,121482.0,85.9806391070282
2009,parliamentary,CHITIPA,73661,84969.0,86.69161694264967
2009,parliamentary,DEDZA,196243,264557.0,74.17796542900018
2009,parliamentary,DOWA,201156,255186.0,78.82720838917496
2009,parliamentary,KARONGA,103255,124257.0,83.09793412041174
2009,parliamentary,KASUNGU,241289,303152.0,79.59340528843616
2009,parliamentary,LIKOMA,4418,5107.0,86.5087135304484
2009,parliamentary,LILONGWE,597618,808944.0,73.87631282264286
2009,parliamentary,MACHINGA,177487,222016.0,79.94333741712309
2009,parliamentary,MANGOCHI,273253,351817.0,77.6690722733694
2009,parliamentary,MCHINJI,157779,214416.0,73.5854600402955
2009,parliamentary,MULANJE,185886,233370.0,79.65291168530659
2009,parliamentary,MWANZA,29627,38729.0,76.49823129954298
2009,parliamentary,MZIMBA,354708,420050.0,84.44423282942508
2009,parliamentary,NENO,32257,39940.0,80.7636454682023
2009,parliamentary,NKHATA BAY,81390,101918.0,79.85831747090798
2009,parliamentary,NKHOTAKOTA,107917,137618.0,78.41779418390036
2009,parliamentary,NSANJE,76757,104400.0,73.522030651341
2009,parliamentary,NTCHEU,153835,200779.0,76.61906872730714
2009,parliamentary,NTCHISI,80867,100245.0,80.66936006783381
2009,parliamentary,PHALOMBE,99254,136104.0,72.92511608769765
2009,parliamentary,RUMPHI,76788,89339.0,85.95126428547442
2009,parliamentary,SALIMA,106299,142561.0,74.56387090438479
2009,parliamentary,THYOLO,200997,249116.0,80.68409897397196
2009,parliamentary,ZOMBA,231644,290762.0,79.66790708552011
2009,presidential,BALAKA,110577,142366.0,77.67093266650745
2009,presidential,BLANTYRE,343045,493835.0,69.46550973503295
2009,presidential,CHIKWAWA,114852,195584.0,58.72259489528796
2009,presidential,CHIRADZULU,99825,121482.0,82.17266755568727
2009,presidential,CHITIPA,72721,84967.0,85.58734567537985
2009,presidential,DEDZA,194043,264557.0,73.34638660099714
2009,presidential,DOWA,192606,257636.0,74.75896225682746
2009,presidential,KARONGA,103406,124257.0,83.21945644913366
2009,presidential,KASUNGU,217527,303872.0,71.58507529486099
2009,presidential,LIKOMA,4313,5107.0,84.45271196397101
2009,presidential,LILONGWE,584952,805049.0,72.66042191220659
2009,presidential,MACHINGA,171788,222103.0,77.34609618060088
2009,presidential,MANGOCHI,269063,352752.0,76.2754002812174
2009,presidential,MCHINJI,152553,214420.0,71.14681466281131
2009,presidential,MULANJE,181638,233260.0,77.8693303609706
2009,presidential,MWANZA,28582,38729.0,73.79999483591108
2009,presidential,MZIMBA,348707,420102.0,83.00531775616398
2009,presidential,NENO,31461,39940.0,78.77065598397597
2009,presidential,NKHATA BAY,65278,101918.0,64.04953001432524
2009,presidential,NKHOTAKOTA,104961,156403.0,67.10932654744475
2009,presidential,NSANJE,72316,104401.0,69.26753575157326
2009,presidential,NTCHEU,150927,204239.0,73.89724783219658
2009,presidential,NTCHISI,79639,100245.0,79.44436131477879
2009,presidential,PHALOMBE,98513,136104.0,72.38067948039735
2009,presidential,RUMPHI,76204,89239.0,85.3931577001087
2009,presidential,SALIMA,103913,142176.0,73.08758158901642
2009,presidential,THYOLO,165360,249116.0,66.37871513672346
2009,presidential,ZOMBA,231672,290884.0,79.64411930529009
2014,parliamentary,BALAKA,132585,186278.0,71.17587691514832
2014,parliamentary,BLANTYRE,350957,550202.0,63.78693643425506
2014,parliamentary,CHIKWAWA,155325,241657.0,64.27498479249515
2014,parliamentary,CHIRADZULU,125652,168079.0,74.75770322288923
2014,parliamentary,CHITIPA,79882,102407.0,78.00443329069302
2014,parliamentary,DEDZA,215609,342893.0,62.879382197945134
2014,parliamentary,DOWA,230736,332530.0,69.38802514058881
2014,parliamentary,KARONGA,128079,160324.0,79.88760260472543
2014,parliamentary,KASUNGU,275863,342701.0,80.49670120600757
2014,parliamentary,LIKOMA,5852,6933.0,84.40790422616472
2014,parliamentary,LILONGWE,719403,1074376.0,66.96007729137658
2014,parliamentary,MACHINGA,191256,268293.0,71.28624302534915
2014,parliamentary,MANGOCHI,323995,433814.0,74.68523376377895
2014,parliamentary,MCHINJI,173610,268633.0,64.62720514605428
2014,parliamentary,MULANJE,218205,302724.0,72.08050897847545
2014,parliamentary,MWANZA,35277,55110.0,64.0119760479042
2014,parliamentary,MZIMBA,411397,526942.0,78.07253929274948
2014,parliamentary,NENO,40895,62206.0,65.7412468250651
2014,parliamentary,NKHATA BAY,90090,129927.0,69.33893647971553
2014,parliamentary,NKHOTAKOTA,121206,176122.0,68.81934113852898
2014,parliamentary,NSANJE,86551,127068.0,68.11392325369093
2014,parliamentary,NTCHEU,178786,262790.0,68.03379124015375
2014,parliamentary,NTCHISI,95150,131735.0,72.22833719209018
2014,parliamentary,PHALOMBE,132739,180136.0,73.6882133499134
2014,parliamentary,RUMPHI,80138,106429.0,75.2971464544438
2014,parliamentary,SALIMA,127451,183366.0,69.50634250624435
2014,parliamentary,THYOLO,229629,314205.0,73.08254165274263
2014,parliamentary,ZOMBA,261075,371408.0,70.29331624520742
