year,district,constituency,enp
1994,Blantyre,Blantyre City South-East,1.4588175558487715
1994,Blantyre,Blantyre City-Central,1.6433212998751427
1994,Blantyre,Blantyre City-East,1.581624572714732
1994,Blantyre,Blantyre City-South,1.8660230420200905
1994,Blantyre,Blantyre City-West,1.5706352433546167
1994,Blantyre,Blantyre North,1.4073064300718774
1994,Blantyre,Blantyre North-East,1.5786287752992505
1994,Blantyre,Blantyre Rural-East,1.7171552811804267
1994,Blantyre,Blantyre South-West,1.9084010741138182
1994,Blantyre,Blantyre West,2.0067876216958043
1994,Chikwawa,Chikwawa Central,2.086589620584824
1994,Chikwawa,Chikwawa East,2.08793883644171
1994,Chikwawa,Chikwawa Nkombezi,1.9705349537109473
1994,Chikwawa,Chikwawa North,1.9095802677461011
1994,Chikwawa,Chikwawa South,2.2162766229038686
1994,Chikwawa,Chikwawa West,2.2656830504078136
1994,Chiradzulu,Chiradzulu Central,1.2173131151499
1994,Chiradzulu,Chiradzulu East,1.3648665115589405
1994,Chiradzulu,Chiradzulu North,1.3457490632539055
1994,Chiradzulu,Chiradzulu South,1.400806306505836
1994,Chiradzulu,Chiradzulu West,1.2847667586151645
1994,Chitipa,Chitipa Central,1.3129915103488448
1994,Chitipa,Chitipa East,1.2632224710512876
1994,Chitipa,Chitipa North,1.5467953718411063
1994,Chitipa,Chitipa South,1.1827797639324666
1994,Chitipa,Chitipa Wenya,1.1565996105520342
1994,Dedza,Dedza Central,1.385627923024199
1994,Dedza,Dedza Central-East,1.4828390639075328
1994,Dedza,Dedza East,2.0259709846360723
1994,Dedza,Dedza North,1.9393507566035557
1994,Dedza,Dedza North-West,1.170205499280053
1994,Dedza,Dedza South,2.0655587073986386
1994,Dedza,Dedza South-West,1.4158316566312867
1994,Dedza,Dedza West,1.3408632871210449
1994,Dowa,Dowa Central,1.4853668521796959
1994,Dowa,Dowa East,1.5730582145979408
1994,Dowa,Dowa Ngala,1.4907369764803409
1994,Dowa,Dowa North,1.371075185890266
1994,Dowa,Dowa North-East,1.7411095375765362
1994,Dowa,Dowa South-East,1.7128989584529632
1994,Dowa,Dowa West,1.4876971507086003
1994,Karonga,Karonga Central,1.3690836149434298
1994,Karonga,Karonga North,1.2295767393863506
1994,Karonga,Karonga North-West,1.3056391358334212
1994,Karonga,Karonga Nyungwe,1.2714785124076158
1994,Karonga,Karonga South,1.339160484424939
1994,Kasungu,Kasungu Central,2.3160033857162485
1994,Kasungu,Kasungu East,1.7727805024418473
1994,Kasungu,Kasungu North,1.797878141651568
1994,Kasungu,Kasungu North-East,1.3802719138535402
1994,Kasungu,Kasungu North-North-East,2.2815160985793197
1994,Kasungu,Kasungu North-West,2.196260439424223
1994,Kasungu,Kasungu South,1.3377670424035386
1994,Kasungu,Kasungu South-East,1.7732807715231136
1994,Kasungu,Kasungu West,1.79703717326866
1994,Lilongwe,Lilongwe Central,1.4159535768190263
1994,Lilongwe,Lilongwe City Central,2.5677047860027042
1994,Lilongwe,Lilongwe City North,1.3579127616866866
1994,Lilongwe,Lilongwe City South,2.39953217861328
1994,Lilongwe,Lilongwe City West,2.3594115468786736
1994,Lilongwe,Lilongwe East,1.0601648989101133
1994,Lilongwe,Lilongwe Kumachenga,1.7548902230830656
1994,Lilongwe,Lilongwe Mpenu,1.1271976099878995
1994,Lilongwe,Lilongwe Msinja,1.207074054627616
1994,Lilongwe,Lilongwe Msozi,1.266112825097581
1994,Lilongwe,Lilongwe North,1.5652165995328386
1994,Lilongwe,Lilongwe North-East,1.292298337898238
1994,Lilongwe,Lilongwe North-West,1.60737796791997
1994,Lilongwe,Lilongwe South,1.2980086292681354
1994,Lilongwe,Lilongwe South-East,1.21939549260665
1994,Lilongwe,Lilongwe South-West,1.7413923567967613
1994,Lilongwe,Lilongwe West,1.387124983869144
1994,Machinga,Machinga Central,1.1247226579210041
1994,Machinga,Machinga Central-East,1.165923420037213
1994,Machinga,Machinga East,1.1247307069400099
1994,Machinga,Machinga Likwenu,1.398103433320292
1994,Machinga,Machinga North,1.282867723381284
1994,Machinga,Machinga North-East,1.1094001839719725
1994,Machinga,Machinga Riviridzi,1.2275711907469498
1994,Machinga,Machinga South,1.1829212646537157
1994,Machinga,Machinga South-East,1.0765468478758775
1994,Machinga,Machinga West,1.3843025705074825
1994,Mchinji,Mchinji East,1.7303255623460845
1994,Mchinji,Mchinji North,1.7597733857931284
1994,Mchinji,Mchinji North-East,1.4923524170640268
1994,Mchinji,Mchinji South,1.5394420469449748
1994,Mchinji,Mchinji South-West,1.8970010093518217
1994,Mchinji,Mchinji West,2.146120754722167
1994,Mulanje,Mulanje Bale,2.0143801849827456
1994,Mulanje,Mulanje Central,1.4557987154992846
1994,Mulanje,Mulanje East,3.044130076822471
1994,Mulanje,Mulanje Limbuli,3.252408905700488
1994,Mulanje,Mulanje North,2.238721576300011
1994,Mulanje,Mulanje North-East,2.1720260400524856
1994,Mulanje,Mulanje North-West,1.879706028300103
1994,Mulanje,Mulanje South,2.3825241629266594
1994,Mulanje,Mulanje South-East,2.5043833933214787
1994,Mulanje,Mulanje South-West,1.507842936495021
1994,Mulanje,Mulanje West,1.657908883793226
1994,Mwanza,Mwanza Central,1.731372398960076
1994,Mwanza,Mwanza East,1.78305677881655
1994,Mwanza,Mwanza North,1.9776428390520222
1994,Mwanza,Mwanza West,1.8812566261687416
1994,Mzimba,Mzimba Central,1.2762384013142505
1994,Mzimba,Mzimba East,1.2637035734438113
1994,Mzimba,Mzimba Hora,1.1645389024598274
1994,Mzimba,Mzimba Luwerezi,1.2864626697798116
1994,Mzimba,Mzimba North,1.8215758804230207
1994,Mzimba,Mzimba North-East,1.2172808716087644
1994,Mzimba,Mzimba Solora,1.239828101399575
1994,Mzimba,Mzimba South,1.1537189921879019
1994,Mzimba,Mzimba South-East,1.514327915504004
1994,Mzimba,Mzimba South-West,1.2207657740644635
1994,Mzimba,Mzimba West,1.5347418506703012
1994,Mzimba,Mzuzu City,1.423047474639647
1994,Nkhata Bay,Nkhata Bay Central,1.5180438349966807
1994,Nkhata Bay,Nkhata Bay North-West,1.5849124721406171
1994,Nkhata Bay,Nkhata Bay South,1.905964175356109
1994,Nkhata Bay,Nkhata Bay South-East,1.2909995686629967
1994,Nkhata Bay,Nkhata Bay West,1.5889735444527535
1994,Nkhata Bay,Nkhatabay East,2.5513875745604357
1994,Nkhata Bay,Nkhatabay North,1.6751413612029835
1994,Nkhotakota,Nkhotakota Central,1.9796986518636
1994,Nkhotakota,Nkhotakota North,3.181176274953722
1994,Nkhotakota,Nkhotakota North-East,2.975066754933104
1994,Nkhotakota,Nkhotakota South,1.988838897038259
1994,Nkhotakota,Nkhotakota South-East,1.8889514075220342
1994,Nsanje,Nsanje Central,1.9813054655381128
1994,Nsanje,Nsanje Lalanje,2.0401795683538433
1994,Nsanje,Nsanje North,1.9373272040405836
1994,Nsanje,Nsanje South,1.9983179700768563
1994,Nsanje,Nsanje South-West,1.9323448100404486
1994,Ntcheu,Mangochi Central,1.351687261872417
1994,Ntcheu,Mangochi East,1.1752843429952005
1994,Ntcheu,Mangochi Lutende,1.2053866124808805
1994,Ntcheu,Mangochi Masongola,1.19575504030667
1994,Ntcheu,Mangochi Monkey Bay,1.7203417948031574
1994,Ntcheu,Mangochi North,1.3583713118051783
1994,Ntcheu,Mangochi North-East,1.433014261175653
1994,Ntcheu,Mangochi South,1.1869665534051614
1994,Ntcheu,Mangochi South-West,1.4832598964366248
1994,Ntcheu,Mangochi West,1.5477149312151741
1994,Ntcheu,Ntcheu Bwanje North,1.7093550488666052
1994,Ntcheu,Ntcheu Bwanje South,1.4197687771011194
1994,Ntcheu,Ntcheu Central,1.5501579365082434
1994,Ntcheu,Ntcheu North,2.165444588172123
1994,Ntcheu,Ntcheu North-East,1.8260490093508688
1994,Ntcheu,Ntcheu South,1.7701865221266742
1994,Ntcheu,Ntcheu West,1.9891756868749206
1994,Ntchisi,Ntchisi East,1.9064851431001295
1994,Ntchisi,Ntchisi North,2.206980831548644
1994,Ntchisi,Ntchisi North-East,2.0554204257126587
1994,Ntchisi,Ntchisi South,1.6704648014244834
1994,Rumphi,Rumphi Central,1.3227590739701114
1994,Rumphi,Rumphi East,1.1798226819958995
1994,Rumphi,Rumphi North,1.148670012898488
1994,Rumphi,Rumphi West,1.371796534934712
1994,Salima,Salima Central,2.3867810966894
1994,Salima,Salima North,1.5945618337701832
1994,Salima,Salima North-West,1.9133050554763344
1994,Salima,Salima South,2.1745607581260784
1994,Salima,Salima South-East,2.1692165950569926
1994,Thyolo,Thyolo Central,1.7206106580382472
1994,Thyolo,Thyolo East,1.7707737901444622
1994,Thyolo,Thyolo North,1.6888776598164443
1994,Thyolo,Thyolo South,1.9658498869426275
1994,Thyolo,Thyolo South-West,1.5968544654777765
1994,Thyolo,Thyolo Thava,1.7684411814371501
1994,Thyolo,Thyolo West,2.7746652528467357
1994,Zomba,Zomba Central,2.4568857620469866
1994,Zomba,Zomba East,1.4246700773778889
1994,Zomba,Zomba North,1.267271413979907
1994,Zomba,Zomba North-East,1.2371780670676775
1994,Zomba,Zomba North-West,1.5278969898048749
1994,Zomba,Zomba South,1.4049471065216372
1994,Zomba,Zomba South-West,1.3884464325353576
1994,Zomba,Zomba West,1.4374518349465186
1999,Balaka,Balaka Central-East,1.2029914779331614
1999,Balaka,Balaka North,1.3122677074775593
1999,Balaka,Balaka South,2.2496229243292407
1999,Balaka,Balaka West,1.9908484319552697
1999,Balaka,Machinga Central,1.9132999294422786
1999,Balaka,Machinga Central East,1.1224067233996124
1999,Balaka,Machinga East,1.5290878311281653
1999,Balaka,Machinga Likwenu,1.9344697006241265
1999,Balaka,Machinga North-East,1.1684091401791736
1999,Balaka,Machinga South,1.7552523988347988
1999,Balaka,Machinga South-East,1.5874407833731377
1999,Blantyre,Blantyre Bangwe,2.4007156732984245
1999,Blantyre,Blantyre City South-East,1.6777003914511044
1999,Blantyre,Blantyre City-Central,2.36483252380145
1999,Blantyre,Blantyre City-East,1.8053650267600503
1999,Blantyre,Blantyre City-South,2.3795839591294485
1999,Blantyre,Blantyre City-West,2.7810791750906714
1999,Blantyre,Blantyre Kabula,1.8798115967926243
1999,Blantyre,Blantyre Malabada,1.9541616266287065
1999,Blantyre,Blantyre North,1.6612201458750513
1999,Blantyre,Blantyre North-East,2.00554026238674
1999,Blantyre,Blantyre Rural-East,2.0823465732610122
1999,Blantyre,Blantyre South-West,2.9399146407551804
1999,Blantyre,Blantyre West,1.9876743940641768
1999,Chikwawa,Chikwawa Central,1.9984425284992253
1999,Chikwawa,Chikwawa East,1.991582214065611
1999,Chikwawa,Chikwawa Mkombezi,1.9841787526354941
1999,Chikwawa,Chikwawa North,2.017790118911819
1999,Chikwawa,Chikwawa South,2.2059385401156097
1999,Chikwawa,Chikwawa West,1.9678050667898883
1999,Chiradzulu,Chiradzulu Central,1.259150973164898
1999,Chiradzulu,Chiradzulu East,2.116838243008097
1999,Chiradzulu,Chiradzulu North,1.6117856651656497
1999,Chiradzulu,Chiradzulu South,1.4922686807510885
1999,Chiradzulu,Chiradzulu West,2.132444071364903
1999,Chitipa,Chitipa Central,2.0009757908252546
1999,Chitipa,Chitipa East,2.21363277544089
1999,Chitipa,Chitipa North,1.8987798888672887
1999,Chitipa,Chitipa South,1.1864807656703313
1999,Chitipa,Chitipa Wenya,2.0331596181826597
1999,Dedza,Dedza Central,1.554874169804767
1999,Dedza,Dedza Central-East,1.5825073160633463
1999,Dedza,Dedza East,1.9765669611328043
1999,Dedza,Dedza North,1.9915321525876073
1999,Dedza,Dedza North-West,1.4210062970851658
1999,Dedza,Dedza South,1.8882493187261529
1999,Dedza,Dedza South-West,1.7088713180441522
1999,Dedza,Dedza West,1.5153398312912725
1999,Dowa,Dowa Central,1.8083689621758672
1999,Dowa,Dowa East,1.411362917423034
1999,Dowa,Dowa Ngala,1.6872077719768246
1999,Dowa,Dowa North,1.6625451336595969
1999,Dowa,Dowa North-East,2.157545174598447
1999,Dowa,Dowa South-East,2.1928772909638226
1999,Dowa,Dowa West,1.7640460854952258
1999,Karonga,Karonga Central,1.621114956733728
1999,Karonga,Karonga North,1.6434392591702458
1999,Karonga,Karonga North-West,1.928865392241331
1999,Karonga,Karonga Nyungwe,1.5534941829608782
1999,Karonga,Karonga South,1.4830427991974489
1999,Kasungu,Kasungu Central,2.4693407531836
1999,Kasungu,Kasungu East,1.7699465065816606
1999,Kasungu,Kasungu North,2.5140401543633435
1999,Kasungu,Kasungu North-East,1.861722668640493
1999,Kasungu,Kasungu North-North-East,2.3337875538243105
1999,Kasungu,Kasungu North-West,1.8028323515969429
1999,Kasungu,Kasungu South,1.6130878653799223
1999,Kasungu,Kasungu South-East,1.7814887648229556
1999,Kasungu,Kasungu West,1.696266371150112
1999,Lilongwe,Lilongwe Central,1.4778272299900834
1999,Lilongwe,Lilongwe City North,2.0815234514616763
1999,Lilongwe,Lilongwe City South-East,2.270345544412308
1999,Lilongwe,Lilongwe City South-West,2.1449377610653237
1999,Lilongwe,Lilongwe City-Central,2.750264850772826
1999,Lilongwe,Lilongwe City-West,2.1920915402719383
1999,Lilongwe,Lilongwe East,1.314721530057345
1999,Lilongwe,Lilongwe Kumachenga,1.7956779185434963
1999,Lilongwe,Lilongwe Mapuyu North,1.58115276600525
1999,Lilongwe,Lilongwe Mapuyu South,1.5037769330919424
1999,Lilongwe,Lilongwe Mpenu,1.3739783835433246
1999,Lilongwe,Lilongwe Mpenu Nkhoma,1.188888874667524
1999,Lilongwe,Lilongwe Msinja North,1.3469348255901306
1999,Lilongwe,Lilongwe Msinja South,1.3361631753651597
1999,Lilongwe,Lilongwe Msozi North,1.3013908463068669
1999,Lilongwe,Lilongwe Msozi South,1.2615057780927985
1999,Lilongwe,Lilongwe North,1.8912883156739242
1999,Lilongwe,Lilongwe North-East,1.3307543247353837
1999,Lilongwe,Lilongwe North-West,1.7963947033234435
1999,Lilongwe,Lilongwe South,1.3848084862793681
1999,Lilongwe,Lilongwe South-East,1.5978552202024559
1999,Lilongwe,Lilongwe South-West,1.6388469044700236
1999,Mangochi,Mangochi Central,1.3079878504716536
1999,Mangochi,Mangochi East,1.188224448337006
1999,Mangochi,Mangochi Lutende,1.9420501888546118
1999,Mangochi,Mangochi Malombe,1.1592682438180313
1999,Mangochi,Mangochi Masongola,1.8646727739962665
1999,Mangochi,Mangochi Monkey Bay,2.636002774883266
1999,Mangochi,Mangochi Nkungulu,1.192227781763811
1999,Mangochi,Mangochi North,1.2263530240436802
1999,Mangochi,Mangochi North-East,1.4176129709415384
1999,Mangochi,Mangochi South,1.4757693947927248
1999,Mangochi,Mangochi South-West,1.8027117680132685
1999,Mangochi,Mangochi West,2.2308284160054646
1999,Mchinji,Mchinji East,2.3579397254081322
1999,Mchinji,Mchinji North,1.9996475364652413
1999,Mchinji,Mchinji North-East,1.942586045939121
1999,Mchinji,Mchinji South,1.8517471820284583
1999,Mchinji,Mchinji South-West,2.223943255278552
1999,Mulanje,Mulanje Bale,1.695406242024099
1999,Mulanje,Mulanje Central,1.4780731237001141
1999,Mulanje,Mulanje Limbuli,2.9407207677859115
1999,Mulanje,Mulanje North,1.4963678429212082
1999,Mulanje,Mulanje Pasani,1.3308173906458536
1999,Mulanje,Mulanje South,1.8650755548180133
1999,Mulanje,Mulanje South-East,2.167319900392414
1999,Mulanje,Mulanje South-West,2.1945187431905926
1999,Mulanje,Mulanje West,1.7988152429452078
1999,Mwanza,Mwanza Central,1.537121979451533
1999,Mwanza,Mwanza East,1.7527860805636872
1999,Mwanza,Mwanza North,3.2272950538329126
1999,Mwanza,Mwanza West,1.6897284698313833
1999,Mzimba,Mzimba Central,2.661344096161847
1999,Mzimba,Mzimba East,1.7610825220192192
1999,Mzimba,Mzimba Hora,2.5116805557500275
1999,Mzimba,Mzimba Luwerezi,2.174964212909614
1999,Mzimba,Mzimba North,2.3173586851743537
1999,Mzimba,Mzimba North-East,2.1440133483103025
1999,Mzimba,Mzimba Solora,2.0175989375259156
1999,Mzimba,Mzimba South,2.1888807752885175
1999,Mzimba,Mzimba South-East,2.9735752014987997
1999,Mzimba,Mzimba South-West,2.526567979646826
1999,Mzimba,Mzimba West,1.6680593757728046
1999,Mzimba,Mzuzu City,1.352965406309701
1999,Nkhata Bay,Nkhata Bay Central,3.0536399409240444
1999,Nkhata Bay,Nkhata Bay North-West,2.5478031320914996
1999,Nkhata Bay,Nkhata Bay South,2.0412727448047594
1999,Nkhata Bay,Nkhata Bay South-East,2.707420690762824
1999,Nkhata Bay,Nkhata Bay West,2.6543878167154387
1999,Nkhata Bay,Nkhatabay East,2.867521570892202
1999,Nkhata Bay,Nkhatabay North,2.7536456820331656
1999,Nkhotakota,Nkhotakota Central,2.789485678966153
1999,Nkhotakota,Nkhotakota North,2.898364118038805
1999,Nkhotakota,Nkhotakota North-East,3.868645172663271
1999,Nkhotakota,Nkhotakota South,2.673206140995212
1999,Nkhotakota,Nkhotakota South-East,2.6379544031313005
1999,Nsanje,Nsanje Central,1.9750010743638515
1999,Nsanje,Nsanje Lalanje,1.7342699429135118
1999,Nsanje,Nsanje North,1.879603339417998
1999,Nsanje,Nsanje South,2.168489708380929
1999,Nsanje,Nsanje South-West,1.594211468679601
1999,Ntcheu,Ntcheu Bwanje North,1.2703381550610442
1999,Ntcheu,Ntcheu Bwanje South,2.1243579641457755
1999,Ntcheu,Ntcheu Central,1.5983430520650366
1999,Ntcheu,Ntcheu North,2.020196951060407
1999,Ntcheu,Ntcheu North-East,2.1241492001341475
1999,Ntcheu,Ntcheu South,2.440608510246423
1999,Ntcheu,Ntcheu West,2.5058300553075274
1999,Ntchisi,Ntchisi East,2.1274351565558858
1999,Ntchisi,Ntchisi North,2.5115540062263713
1999,Ntchisi,Ntchisi North-East,1.8554470983813631
1999,Ntchisi,Ntchisi South,1.979402497755863
1999,Phalombe,Phalombe Central,1.5321950370568027
1999,Phalombe,Phalombe East,1.2910528999953212
1999,Phalombe,Phalombe North,2.2600538448809635
1999,Phalombe,Phalombe North-East,1.3605344510023096
1999,Phalombe,Phalombe South,2.580494328587683
1999,Rumphi,Rumphi Central,1.2377411904642124
1999,Rumphi,Rumphi East,1.4816247690303772
1999,Rumphi,Rumphi North,1.3667784278041317
1999,Rumphi,Rumphi West,1.4611210624809385
1999,Salima,Salima Central,2.0900567386783693
1999,Salima,Salima North,1.9055410096389855
1999,Salima,Salima North-West,1.961353752248718
1999,Salima,Salima South,1.9823165585991436
1999,Salima,Salima South-East,1.9715577760868708
1999,Thyolo,Thyolo Central,1.4405602365741121
1999,Thyolo,Thyolo East,1.6506393694769563
1999,Thyolo,Thyolo North,1.6979615828060024
1999,Thyolo,Thyolo South,1.8175768170381237
1999,Thyolo,Thyolo South-West,2.329027263281039
1999,Thyolo,Thyolo Thava,1.5607305456031608
1999,Thyolo,Thyolo West,3.48381364254805
1999,Zomba,Zomba Central,2.1873660772933423
1999,Zomba,Zomba Changalume,1.8590872785623924
1999,Zomba,Zomba Chingale,1.3063073542790555
1999,Zomba,Zomba Chisi / Mpyupyu,1.7709449926210283
1999,Zomba,Zomba Domasi / Nsondole,1.701057729534822
1999,Zomba,Zomba Likangala,1.8325420258860796
1999,Zomba,Zomba Lisanjala,1.4872173750210933
1999,Zomba,Zomba Malosa,1.661020842014661
1999,Zomba,Zomba Ntonya,1.7272691681658912
1999,Zomba,Zomba Thondwe,1.5502088743989932
2004,Balaka,Balaka Central Ea,2.1392382324657855
2004,Balaka,Balaka North,1.6764153846997858
2004,Balaka,Balaka South,3.879729993448577
2004,Balaka,Balaka West,1.9779591908981073
2004,Blantyre,Blantyre Bangwe,2.8431604017579675
2004,Blantyre,Blantyre City Cent,4.301030890050599
2004,Blantyre,Blantyre City Sout,6.707881318187257
2004,Blantyre,Blantyre City Wes,5.414873181859674
2004,Blantyre,Blantyre Kabula,4.15464695703973
2004,Blantyre,Blantyre Malabada,3.975540412065109
2004,Blantyre,Blantyre North,2.21987018126365
2004,Blantyre,Blantyre North-Ea,2.370710706659718
2004,Blantyre,Blantyre Rural Eas,3.368566590873461
2004,Blantyre,Blantyre South-W,3.7413702511871056
2004,Blantyre,Blantyre West,4.328290739705059
2004,Chikwawa,Chikwawa Central,3.2218590630758515
2004,Chikwawa,Chikwawa East,3.37059568682281
2004,Chikwawa,Chikwawa Nkomb,3.0786907429790764
2004,Chikwawa,Chikwawa North,4.420577085127197
2004,Chikwawa,Chikwawa South,1.8255075360839514
2004,Chikwawa,Chikwawa West,2.444711085835688
2004,Chiradzulu,Chiradzulu Centra,3.2385501725236665
2004,Chiradzulu,Chiradzulu East,1.828216260940623
2004,Chiradzulu,Chiradzulu North,2.9514715019203623
2004,Chiradzulu,Chiradzulu South,4.830280413155595
2004,Chiradzulu,Chiradzulu West,3.3916341447391596
2004,Chitipa,Chitipa Central,3.3944229606639067
2004,Chitipa,Chitipa East,2.1862282764140897
2004,Chitipa,Chitipa North,4.626086866231726
2004,Chitipa,Chitipa South,2.3109191836847947
2004,Chitipa,Chitipa Wenya,3.2417937619234802
2004,Dedza,Dedza Central,2.3021597223423034
2004,Dedza,Dedza Central-East,1.9358666508045703
2004,Dedza,Dedza East,3.2238633747761902
2004,Dedza,Dedza North,2.759506552545644
2004,Dedza,Dedza North-West,2.0730697776932083
2004,Dedza,Dedza South,1.8034653561364011
2004,Dedza,Dedza South-West,3.863068260175848
2004,Dedza,Dedza West,1.8641797996310425
2004,Dowa,Dowa Central,2.2207975805119804
2004,Dowa,Dowa East,2.824293162093379
2004,Dowa,Dowa Ngala,2.2374946980846353
2004,Dowa,Dowa North,2.457447225495337
2004,Dowa,Dowa North-East,3.741437740450835
2004,Dowa,Dowa South-East,1.6266250019720532
2004,Dowa,Dowa West,2.0331951333892535
2004,Karonga,Karonga Central,4.308960951391348
2004,Karonga,Karonga North,6.449102324289902
2004,Karonga,Karonga North We,3.534951890475459
2004,Karonga,Karonga Nyungwe,2.1807319641489586
2004,Karonga,Karonga South,3.018121096162623
2004,Kasungu,Kasungu Central,3.3264048769288217
2004,Kasungu,Kasungu East,2.05148114047833
2004,Kasungu,Kasungu North,4.730940095749718
2004,Kasungu,Kasungu North East,2.0659869267164446
2004,Kasungu,Kasungu North North-East,2.669675087025431
2004,Kasungu,Kasungu North-West,3.351411727247583
2004,Kasungu,Kasungu South,1.4979218923234856
2004,Kasungu,Kasungu South East,1.8745808340058896
2004,Kasungu,Kasungu West,2.1003655052302665
2004,Likoma,Likoma Islands,2.661032014987637
2004,Lilongwe,Lilongwe Central,1.883485723831456
2004,Lilongwe,Lilongwe City Cen,3.238600690526077
2004,Lilongwe,Lilongwe City Nor,2.7288200609457967
2004,Lilongwe,Lilongwe City Sou,2.2791021742766464
2004,Lilongwe,Lilongwe City Wes,3.1232322450591674
2004,Lilongwe,Lilongwe Kumach,1.699003677760838
2004,Lilongwe,Lilongwe Mapuyu,3.828938091645475
2004,Lilongwe,Lilongwe Mpenu,1.379907301675512
2004,Lilongwe,Lilongwe Mpenu N,2.0988304048908883
2004,Lilongwe,Lilongwe Msinja N,1.3178264113876017
2004,Lilongwe,Lilongwe Msinja S,1.704459549614116
2004,Lilongwe,Lilongwe Msozi N,1.3930205637089466
2004,Lilongwe,Lilongwe Msozi S,1.6169251026288254
2004,Lilongwe,Lilongwe North,2.6819642111391513
2004,Lilongwe,Lilongwe North-Ea,2.330145872246947
2004,Lilongwe,Lilongwe North-W,2.1984295973383725
2004,Lilongwe,Lilongwe South,1.2681291249151057
2004,Lilongwe,Lilongwe South E,1.826856630421022
2004,Lilongwe,Lilongwe South W,1.4084962675186166
2004,Lilongwe,Lilongwee City So,3.1011156376027036
2004,Machinga,Machinga Central,2.9745037591088135
2004,Machinga,Machinga Central East,2.346572212000166
2004,Machinga,Machinga East,4.247859535000666
2004,Machinga,Machinga Likwenu,2.2913832817391127
2004,Machinga,Machinga North-East,1.1924773405562024
2004,Machinga,Machinga South,2.559182305696669
2004,Machinga,Machinga South East,1.6617873832245291
2004,Mangochi,Mangochi Central,4.265243944417786
2004,Mangochi,Mangochi East,4.403696621834687
2004,Mangochi,Mangochi Malomb,2.4794874262059206
2004,Mangochi,Mangochi Masong,2.8950380660875377
2004,Mangochi,Mangochi Monkey,4.036402285049236
2004,Mangochi,Mangochi Nkungu,2.065543759559412
2004,Mangochi,Mangochi North,2.9871504126973227
2004,Mangochi,Mangochi North-E,2.7833391367792024
2004,Mangochi,Mangochi South,4.878729757191698
2004,Mangochi,Mangochi South W,5.588569395769373
2004,Mangochi,Mangochi West,3.9197736346953946
2004,Mchinji,Mchinji East,2.3543176848782035
2004,Mchinji,Mchinji North,3.6201996409946466
2004,Mchinji,Mchinji North-East,1.837932457801375
2004,Mchinji,Mchinji South,1.7396858946584794
2004,Mchinji,Mchinji South-West,2.5672062749642994
2004,Mchinji,Mchinji West,4.148952831916415
2004,Mulanje,Mulanje Bale,5.368982739869882
2004,Mulanje,Mulanje Central,2.2260517453801185
2004,Mulanje,Mulanje Limbuli,3.182827449687747
2004,Mulanje,Mulanje North,2.635624011868727
2004,Mulanje,Mulanje Pasani,4.010624004912154
2004,Mulanje,Mulanje South,2.1178054315695154
2004,Mulanje,Mulanje South East,4.238592097667222
2004,Mulanje,Mulanje South West,2.834214924536142
2004,Mulanje,Mulanje West,2.1807990388340834
2004,Mwanza,Mwanza Central,4.277260740403985
2004,Mwanza,Mwanza West,5.189680783252594
2004,Mzimba,Mzimba Central,3.1983223484941363
2004,Mzimba,Mzimba East,2.9031373723001233
2004,Mzimba,Mzimba Hora,5.889090205168161
2004,Mzimba,Mzimba Luwelezi,4.617802501006344
2004,Mzimba,Mzimba North East,6.359759259822755
2004,Mzimba,Mzimba Solora,5.78454884771659
2004,Mzimba,Mzimba South,4.119912927123664
2004,Mzimba,Mzimba South West,3.357823067098077
2004,Mzimba,Mzimba West,2.661288440400551
2004,Mzimba,Mzuzu City,5.160388814805777
2004,Neno,Neno North,2.873296361261255
2004,Neno,Neno South,6.128101792654494
2004,Nkhata Bay,Nkhata-Bay Centra,2.9738523976391704
2004,Nkhata Bay,Nkhata-Bay North,11.782822710010032
2004,Nkhata Bay,Nkhata-Bay South,5.552282186362054
2004,Nkhata Bay,Nkhata-Bay West,4.7287078971774115
2004,Nkhata Bay,Nkhatabay South,1.7853879535118777
2004,Nkhotakota,Nkhotakota Central,2.877972871735242
2004,Nkhotakota,Nkhotakota North,3.9876712196837145
2004,Nkhotakota,Nkhotakota North-East,4.676664714571946
2004,Nkhotakota,Nkhotakota South,2.9093594485058327
2004,Nkhotakota,Nkhotakota South East,3.5355559945538295
2004,Nsanje,Nsanje Central,1.9811790091243524
2004,Nsanje,Nsanje Lalanje,2.0849251126004726
2004,Nsanje,Nsanje North,2.0065611357291755
2004,Nsanje,Nsanje South,2.9206578305328987
2004,Nsanje,Nsanje South-Wes,2.3829423469356437
2004,Ntcheu,Ntcheu Bwanje North,5.018298906445862
2004,Ntcheu,Ntcheu Bwanje South,2.6852023449667657
2004,Ntcheu,Ntcheu Central,3.9428800074063157
2004,Ntcheu,Ntcheu North,3.579733380563976
2004,Ntcheu,Ntcheu North-East,3.1071251341373403
2004,Ntcheu,Ntcheu West,4.61253034274271
2004,Ntchisi,Ntchisi East,2.0296187781283113
2004,Ntchisi,Ntchisi North,3.323887953009021
2004,Ntchisi,Ntchisi North-East,3.1259597755912663
2004,Ntchisi,Ntchisi South,1.7335463841820482
2004,Phalombe,Phalombe Central,2.0298671412641176
2004,Phalombe,Phalombe East,2.363035629399562
2004,Phalombe,Phalombe North,3.137307219183195
2004,Phalombe,Phalombe North E,2.916791173091979
2004,Phalombe,Phalombe South,3.08099533403794
2004,Rumphi,Rumphi Central,2.239920479323068
2004,Rumphi,Rumphi East,2.743581712897413
2004,Rumphi,Rumphi North,3.2394042973854935
2004,Rumphi,Rumphi West,5.698217636240174
2004,Salima,Salima Central,3.0525963591403116
2004,Salima,Salima North,1.8455820178683715
2004,Salima,Salima North-Wes,2.2480641206241767
2004,Salima,Salima South,2.928333835201165
2004,Salima,Salima South-Eas,4.340124612174757
2004,Thyolo,Thyolo Central,2.2265216243829107
2004,Thyolo,Thyolo East,2.174923127857953
2004,Thyolo,Thyolo North,3.334286847203965
2004,Thyolo,Thyolo South,2.1881510597529528
2004,Thyolo,Thyolo South Wes,5.6498306777745695
2004,Thyolo,Thyolo Thava,5.5148218861699565
2004,Thyolo,Thyolo West,2.4665445570575244
2004,Zomba,Zomba Central,4.7038101233101495
2004,Zomba,Zomba Changalume,2.4973882169196076
2004,Zomba,Zomba Chingale,3.6277714975457145
2004,Zomba,Zomba Chisi,2.3339620400965577
2004,Zomba,Zomba Likangala,4.29296573185049
2004,Zomba,Zomba Lisanjala,2.7789855109882295
2004,Zomba,Zomba Malosa,2.402865813379945
2004,Zomba,Zomba Nsondole,3.3145508764536467
2004,Zomba,Zomba Ntonya,4.160743330727029
2004,Zomba,Zomba Thondwe,2.9190122582383284
2009,Balaka,Balaka Central East,3.078168060588434
2009,Balaka,Balaka North,2.416158329714683
2009,Balaka,Balaka South,3.8339719212538164
2009,Balaka,Balaka West,4.639111235392126
2009,Blantyre,Blantyre Bangwe,2.8502290551248355
2009,Blantyre,Blantyre City East,1.8819754611122186
2009,Blantyre,Blantyre City South,3.285147606114511
2009,Blantyre,Blantyre City South East,3.820338839642454
2009,Blantyre,Blantyre City West,2.997803048707546
2009,Blantyre,Blantyre Kabula,3.780883762895614
2009,Blantyre,Blantyre Malabada,2.547957358383476
2009,Blantyre,Blantyre North,5.564248278722374
2009,Blantyre,Blantyre North East,3.2759981816197508
2009,Blantyre,Blantyre Rural East,4.185558671507998
2009,Blantyre,Blantyre South West,3.765416505228462
2009,Blantyre,Blantyre West,2.4163219285571262
2009,Chikwawa,Chikwawa Central,4.345252025818793
2009,Chikwawa,Chikwawa East,4.198349763343444
2009,Chikwawa,Chikwawa Mkombezi,1.5927961185628874
2009,Chikwawa,Chikwawa North,3.0571035386596073
2009,Chikwawa,Chikwawa South,4.6887719660306795
2009,Chikwawa,Chikwawa West,2.74010567069359
2009,Chiradzulu,Chiradzulu Central,3.0905869179114136
2009,Chiradzulu,Chiradzulu East,2.0041636835353547
2009,Chiradzulu,Chiradzulu North,3.738905853904199
2009,Chiradzulu,Chiradzulu South,4.050106847433115
2009,Chiradzulu,Chiradzulu West,3.4872993625814415
2009,Chitipa,Chitipa Central,2.6162609535131063
2009,Chitipa,Chitipa East,2.1227050390560342
2009,Chitipa,Chitipa North,2.834503005640989
2009,Chitipa,Chitipa South,3.354924346590333
2009,Chitipa,Chitipa Wenya,1.8288655507998757
2009,Dedza,Dedza Central,2.4821910009748605
2009,Dedza,Dedza Central East,2.8915252110067207
2009,Dedza,Dedza East,4.076742378461547
2009,Dedza,Dedza North,2.865460951138614
2009,Dedza,Dedza North West,1.6861830637654542
2009,Dedza,Dedza South,2.8706057986768787
2009,Dedza,Dedza South West,2.490989053695846
2009,Dedza,Dedza West,1.839123581585059
2009,Dowa,Dowa Central,2.044277690193774
2009,Dowa,Dowa East,4.019732776398256
2009,Dowa,Dowa Ngala,3.434344511664311
2009,Dowa,Dowa North,3.2260670413735317
2009,Dowa,Dowa North East,3.8608531215215804
2009,Dowa,Dowa South East,4.655660876489832
2009,Dowa,Dowa West,2.9744129060344573
2009,Karonga,Karonga Central,1.9984370106605251
2009,Karonga,Karonga North,3.503492882825548
2009,Karonga,Karonga North West,3.3505732529351926
2009,Karonga,Karonga Nyungwe,2.8086060107642723
2009,Karonga,Karonga South,2.963812129305594
2009,Kasungu,Kasungu Central,2.318949734237656
2009,Kasungu,Kasungu East,2.3576766194483123
2009,Kasungu,Kasungu North,2.5950055835509516
2009,Kasungu,Kasungu North East,2.9545411915266815
2009,Kasungu,Kasungu North North East,1.8809051983666207
2009,Kasungu,Kasungu North West,2.3194245238519704
2009,Kasungu,Kasungu South,3.1534810450321333
2009,Kasungu,Kasungu South East,3.2807452992201904
2009,Kasungu,Kasungu West,2.8631514725035245
2009,Likoma,Likoma Islands,3.9603810238107178
2009,Lilongwe,Lilongwe Central,2.498953858667889
2009,Lilongwe,Lilongwe City Centre,4.383653237345172
2009,Lilongwe,Lilongwe City North,4.853888358095494
2009,Lilongwe,Lilongwe City South East,2.9747554488757935
2009,Lilongwe,Lilongwe City South West,3.194879329535164
2009,Lilongwe,Lilongwe City West,3.265743798771694
2009,Lilongwe,Lilongwe East,4.31545235400732
2009,Lilongwe,Lilongwe Kumachenga,2.65923145412225
2009,Lilongwe,Lilongwe Mpenu,3.6017379172383635
2009,Lilongwe,Lilongwe Mpenu Nkhoma,2.7774734389915463
2009,Lilongwe,Lilongwe Msozi South,3.267609917212405
2009,Lilongwe,Lilongwe North,2.995405136135853
2009,Lilongwe,Lilongwe North East,4.184631193657299
2009,Lilongwe,Lilongwe North West,2.581908674192379
2009,Lilongwe,Lilongwe South,3.7078668321123875
2009,Lilongwe,Lilongwe South East,1.8300397913847855
2009,Lilongwe,Lilongwe South West,3.188203878742936
2009,Lilongwe,Mapuyu North,3.1076549400430755
2009,Lilongwe,Mapuyu South,2.8353351145947063
2009,Lilongwe,Msinja North,2.2346193563556342
2009,Lilongwe,Msinja South,1.7808285289447878
2009,Lilongwe,Msozi North,3.189252747677797
2009,Machinga,Machinga Central,2.53949170803269
2009,Machinga,Machinga Central East,3.13403749728851
2009,Machinga,Machinga East,2.6748547764781283
2009,Machinga,Machinga Likwenu,4.200481561349504
2009,Machinga,Machinga North East,2.7993071060598496
2009,Machinga,Machinga South,3.402962942050395
2009,Machinga,Machinga South East,2.5883255985335816
2009,Mangochi,Mangochi Central,3.3776186504754673
2009,Mangochi,Mangochi East,2.7727746005888703
2009,Mangochi,Mangochi Lutende,4.526144961898909
2009,Mangochi,Mangochi Malombe,5.188405323878006
2009,Mangochi,Mangochi Masongola,7.0736190919499276
2009,Mangochi,Mangochi Monkey Bay,3.676626412225958
2009,Mangochi,Mangochi Nkungulu,3.9083619633717475
2009,Mangochi,Mangochi North,2.428799973761348
2009,Mangochi,Mangochi North East,6.642642056464323
2009,Mangochi,Mangochi South,3.425516720231844
2009,Mangochi,Mangochi South West,4.561871467136334
2009,Mangochi,Mangochi West,5.393866960214539
2009,Mchinji,Mchinji East,2.949328411653417
2009,Mchinji,Mchinji North,2.8145301925491384
2009,Mchinji,Mchinji North East,2.3466632841975232
2009,Mchinji,Mchinji South,2.6595689959969517
2009,Mchinji,Mchinji South West,2.7355403615035563
2009,Mchinji,Mchinji West,3.944708541029335
2009,Mulanje,Mulanje Bale,2.794150588366268
2009,Mulanje,Mulanje Central,2.248514965693641
2009,Mulanje,Mulanje Limbuli,2.7737689306085844
2009,Mulanje,Mulanje North,5.623982011837238
2009,Mulanje,Mulanje Pasani,4.121682032112016
2009,Mulanje,Mulanje South,3.0385011631833114
2009,Mulanje,Mulanje South East,3.2778485923898244
2009,Mulanje,Mulanje South West,2.2037260401882137
2009,Mulanje,Mulanje West,2.156089145079698
2009,Mwanza,Mwanza Central,2.292569609601328
2009,Mwanza,Mwanza West,3.2176038256437214
2009,Mzimba,Mzimba Central,2.7301441810042584
2009,Mzimba,Mzimba East,2.3988593470174955
2009,Mzimba,Mzimba Hora,1.50530913635238
2009,Mzimba,Mzimba Luwerezi,1.8280718078736762
2009,Mzimba,Mzimba North,1.3662297731911672
2009,Mzimba,Mzimba North East,2.2007779104257987
2009,Mzimba,Mzimba Solola,2.429169651011646
2009,Mzimba,Mzimba South,3.3897458050925353
2009,Mzimba,Mzimba South East,3.5855973367123846
2009,Mzimba,Mzimba South West,1.5529517958222283
2009,Mzimba,Mzimba West,2.467327838228447
2009,Mzuzu,Mzuzu City,2.1841524746874312
2009,Neno,Neno North,2.4716984785171174
2009,Neno,Neno South,4.428942351567815
2009,Nkhatabay,Nkhata Bay Central,2.028055916527767
2009,Nkhatabay,Nkhata Bay North,2.347321996142739
2009,Nkhatabay,Nkhata Bay North West,2.5865250833797995
2009,Nkhatabay,Nkhata Bay South,3.053946649915334
2009,Nkhatabay,Nkhata Bay South East,4.495010893368315
2009,Nkhatabay,Nkhata Bay West,2.072579359622557
2009,Nkhotakota,Nkhota Kota Central,3.871850896193253
2009,Nkhotakota,Nkhota Kota North,1.9172728610895897
2009,Nkhotakota,Nkhota Kota North East,2.0486364459228974
2009,Nkhotakota,Nkhota Kota South,4.402140783304621
2009,Nkhotakota,Nkhota Kota South East,4.216656862774227
2009,Nsanje,Nsanje Central,2.601747039627253
2009,Nsanje,Nsanje Lalanje,3.5825049220984866
2009,Nsanje,Nsanje North,4.272324313953966
2009,Nsanje,Nsanje South,3.4047319019786966
2009,Nsanje,Nsanje South West,4.296527926476833
2009,Ntcheu,Ntcheu Bwanje North,2.9530365658293505
2009,Ntcheu,Ntcheu Bwanje South,3.1188056021725563
2009,Ntcheu,Ntcheu Central,6.199311917118749
2009,Ntcheu,Ntcheu North,4.067960984272751
2009,Ntcheu,Ntcheu North East,3.397927402935383
2009,Ntcheu,Ntcheu South,4.673860079610806
2009,Ntcheu,Ntcheu West,4.305780389906938
2009,Ntchisi,Ntchisi East,2.794833661557301
2009,Ntchisi,Ntchisi North,1.5758249250275103
2009,Ntchisi,Ntchisi North East,2.581678867030821
2009,Ntchisi,Ntchisi South,1.9029341454411086
2009,Phalombe,Phalombe Central,1.7558689957290523
2009,Phalombe,Phalombe East,2.4423584327880943
2009,Phalombe,Phalombe North,2.3823067609435085
2009,Phalombe,Phalombe North East,2.8951964612401424
2009,Phalombe,Phalombe South,3.162543090906881
2009,Rumphi,Rumphi Central,1.6761117852885599
2009,Rumphi,Rumphi East,3.337452923109744
2009,Rumphi,Rumphi North,2.687636670288513
2009,Rumphi,Rumphi West,2.4318452583782233
2009,Salima,Salima Central,6.174108615444636
2009,Salima,Salima North,2.8679636444795134
2009,Salima,Salima North West,4.981968891201948
2009,Salima,Salima South,4.345241577262741
2009,Salima,Salima South East,4.872929287805846
2009,Thyolo,Thyolo Central,2.263355568084413
2009,Thyolo,Thyolo East,1.4748482558728488
2009,Thyolo,Thyolo North,3.072944963708905
2009,Thyolo,Thyolo South,5.244404022583445
2009,Thyolo,Thyolo South West,6.867870185609274
2009,Thyolo,Thyolo Thava,2.5745962474770896
2009,Thyolo,Thyolo West,2.1037633939219216
2009,Zomba,Zomba Central,4.411517492205266
2009,Zomba,Zomba Changalume,3.001284099328953
2009,Zomba,Zomba Chingale,3.9584171677725815
2009,Zomba,Zomba Chisi,2.270130053510408
2009,Zomba,Zomba Likangala,4.009619655670003
2009,Zomba,Zomba Lisanjala,3.810665359622169
2009,Zomba,Zomba Malosa,2.137337273044609
2009,Zomba,Zomba Nsondole,3.446448975020533
2009,Zomba,Zomba Ntonya,3.848859685551282
2009,Zomba,Zomba Thondwe,2.599366993200131
2014,Balaka,Balaka Central East,4.664604459728395
2014,Balaka,Balaka North,2.7331366013561813
2014,Balaka,Balaka South,4.730175231776155
2014,Balaka,Balaka West,3.770217241459738
2014,Blantyre,Blantyre Bangwe,2.9866383019063374
2014,Blantyre,Blantyre City Centre,5.232066107066705
2014,Blantyre,Blantyre City East,3.15145767901286
2014,Blantyre,Blantyre City South,6.9281047040804795
2014,Blantyre,Blantyre City South East,2.803721587798354
2014,Blantyre,Blantyre City West,3.722442336194116
2014,Blantyre,Blantyre Kabula,4.227576223450392
2014,Blantyre,Blantyre Malabada,4.587160066669829
2014,Blantyre,Blantyre North East,3.3335597548646514
2014,Blantyre,Blantyre Rural East,4.276691059898735
2014,Blantyre,Blantyre South West,4.568706093721355
2014,Blantyre,Blantyre West,3.7639219313703753
2014,Chikwawa,Chikwawa Central,3.965080606594014
2014,Chikwawa,Chikwawa East,3.6399273810160713
2014,Chikwawa,Chikwawa Mkombezi,2.4876181663798627
2014,Chikwawa,Chikwawa North,3.3837273992014474
2014,Chikwawa,Chikwawa South,3.156262840411957
2014,Chikwawa,Chikwawa West,3.122698922643105
2014,Chiradzulu,Chiradzulu Central,4.868028472603314
2014,Chiradzulu,Chiradzulu East,2.7489856742274843
2014,Chiradzulu,Chiradzulu North,5.138509387075652
2014,Chiradzulu,Chiradzulu South,2.1795458328888384
2014,Chiradzulu,Chiradzulu West,2.9560847574849975
2014,Chitipa,Chitipa Central,4.3104062001793935
2014,Chitipa,Chitipa East,2.7059301345967697
2014,Chitipa,Chitipa North,2.107376276269589
2014,Chitipa,Chitipa South,3.348218895272248
2014,Chitipa,Chitipa Wenya,5.101135300030387
2014,Dedza,Dedza Central,2.205474239234987
2014,Dedza,Dedza Central East,4.8312823243271525
2014,Dedza,Dedza East,2.4433121844387466
2014,Dedza,Dedza North,2.8994602372979577
2014,Dedza,Dedza North West,3.7124137379611906
2014,Dedza,Dedza South,2.9110049918620646
2014,Dedza,Dedza South West,2.628278685183316
2014,Dedza,Dedza West,2.4025052699828273
2014,Dowa,Dowa Central,3.2701914708692286
2014,Dowa,Dowa East,4.088565066903607
2014,Dowa,Dowa Ngala,2.980422004344347
2014,Dowa,Dowa North,3.446670023281007
2014,Dowa,Dowa North East,2.456378946829665
2014,Dowa,Dowa South East,2.5913694416260746
2014,Dowa,Dowa West,2.281520352192153
2014,Karonga,Karonga Central,2.042540957632909
2014,Karonga,Karonga North,2.1816532942714835
2014,Karonga,Karonga North West,2.5807458779856645
2014,Karonga,Karonga Nyungwe,3.6262921730294844
2014,Karonga,Karonga South,2.764041718249444
2014,Kasungu,Kasungu Central,2.9590566625545835
2014,Kasungu,Kasungu East,2.859932309246829
2014,Kasungu,Kasungu North,3.682940177269152
2014,Kasungu,Kasungu North East,3.1815768247465726
2014,Kasungu,Kasungu North North East,4.935621745443452
2014,Kasungu,Kasungu North West,3.670040428001624
2014,Kasungu,Kasungu South,6.067116351094136
2014,Kasungu,Kasungu South East,3.4011250914992615
2014,Kasungu,Kasungu West,4.201169944948962
2014,Likoma,Likoma Islands,3.9813378946932283
2014,Lilongwe,Lilongwe Central,2.996333710015965
2014,Lilongwe,Lilongwe City Centre,4.377222721747656
2014,Lilongwe,Lilongwe City North,4.579398987448665
2014,Lilongwe,Lilongwe City South East,4.954481655528517
2014,Lilongwe,Lilongwe City South West,4.042852952358592
2014,Lilongwe,Lilongwe City West,3.7222031471024875
2014,Lilongwe,Lilongwe East,3.613640885898843
2014,Lilongwe,Lilongwe Kumachenga,2.567465053040743
2014,Lilongwe,Lilongwe Mpenu,2.507184077279606
2014,Lilongwe,Lilongwe Mpenu Nkhoma,3.6426797721411512
2014,Lilongwe,Lilongwe Msozi South,2.797140183739671
2014,Lilongwe,Lilongwe North,1.9784263199168828
2014,Lilongwe,Lilongwe North East,3.2009317909519446
2014,Lilongwe,Lilongwe North West,1.2161052866770432
2014,Lilongwe,Lilongwe South,2.3592249568697983
2014,Lilongwe,Lilongwe South East,1.6512950578662458
2014,Lilongwe,Lilongwe South West,4.54587885843349
2014,Lilongwe,Mapuyu North,2.4376396387300994
2014,Lilongwe,Mapuyu South,2.4334998628192865
2014,Lilongwe,Msinja North,4.7938088339506555
2014,Lilongwe,Msinja South,3.1987419430294963
2014,Lilongwe,Msozi North,4.810778604353282
2014,Machinga,Machinga Central,5.760086780346504
2014,Machinga,Machinga Central East,4.672601114690968
2014,Machinga,Machinga East,3.0477623922296195
2014,Machinga,Machinga Likwenu,7.667986998705771
2014,Machinga,Machinga North East,3.20413442585164
2014,Machinga,Machinga South,2.6886982612555954
2014,Machinga,Machinga South East,3.965650180590995
2014,Mangochi,Mangochi Central,4.3162849403798385
2014,Mangochi,Mangochi East,2.4942347085517205
2014,Mangochi,Mangochi Lutende,3.337405091582282
2014,Mangochi,Mangochi Malombe,4.021383922432164
2014,Mangochi,Mangochi Masongola,3.326346860385952
2014,Mangochi,Mangochi Monkey Bay,3.5971372076878265
2014,Mangochi,Mangochi Nkungulu,2.049373859285092
2014,Mangochi,Mangochi North,4.373713352012909
2014,Mangochi,Mangochi North East,2.734074433698542
2014,Mangochi,Mangochi South,2.981393885578782
2014,Mangochi,Mangochi South West,5.632107970010683
2014,Mangochi,Mangochi West,5.841946079313269
2014,Mchinji,Mchinji East,5.718167008309819
2014,Mchinji,Mchinji North,3.158247080237192
2014,Mchinji,Mchinji North East,2.620146302829794
2014,Mchinji,Mchinji South,3.0836802736186666
2014,Mchinji,Mchinji South West,2.8866826998252635
2014,Mchinji,Mchinji West,3.233603893389341
2014,Mulanje,Mulanje Bale,2.280613183051983
2014,Mulanje,Mulanje Central,3.3145851563030075
2014,Mulanje,Mulanje Limbuli,2.416306055715318
2014,Mulanje,Mulanje North,4.1645179611752345
2014,Mulanje,Mulanje Pasani,3.43097791154563
2014,Mulanje,Mulanje South,3.4051414956763275
2014,Mulanje,Mulanje South East,3.2619135501246928
2014,Mulanje,Mulanje South West,3.584995795028042
2014,Mulanje,Mulanje West,2.225807681442485
2014,Mwanza,Mwanza Central,3.4253462535917447
2014,Mwanza,Mwanza West,3.458074545513112
2014,Mzimba,Mzimba Central,2.053557462385998
2014,Mzimba,Mzimba East,3.5934785803312415
2014,Mzimba,Mzimba Hora,1.4503381311552042
2014,Mzimba,Mzimba Luwerezi,4.341416381429879
2014,Mzimba,Mzimba North,3.908109942375915
2014,Mzimba,Mzimba North East,2.6934523288178958
2014,Mzimba,Mzimba Solola,4.805074977781497
2014,Mzimba,Mzimba South,3.507339865218356
2014,Mzimba,Mzimba South East,3.0640104320999995
2014,Mzimba,Mzimba South West,3.805228015809319
2014,Mzimba,Mzimba West,2.6473347149288866
2014,Mzuzu,Mzuzu City,3.80104057618143
2014,Neno,Neno North,4.73340958447453
2014,Neno,Neno South,5.557072995577337
2014,Nkhatabay,Nkhata Bay Central,2.321242663804021
2014,Nkhatabay,Nkhata Bay North,1.9473659861023018
2014,Nkhatabay,Nkhata Bay North West,4.838425886991087
2014,Nkhatabay,Nkhata Bay South,1.9334378973010795
2014,Nkhatabay,Nkhata Bay South East,3.16176521265671
2014,Nkhatabay,Nkhata Bay West,3.6005277958041466
2014,Nkhotakota,Nkhota Kota Central,4.2380498809831995
2014,Nkhotakota,Nkhota Kota North,4.019519162834185
2014,Nkhotakota,Nkhota Kota North East,6.219142849683171
2014,Nkhotakota,Nkhota Kota South,3.5216738648550154
2014,Nkhotakota,Nkhota Kota South East,5.060963224674839
2014,Nsanje,Nsanje Central,4.43329634204108
2014,Nsanje,Nsanje Lalanje,2.7318494669555484
2014,Nsanje,Nsanje North,2.9802987366859854
2014,Nsanje,Nsanje South,2.5706812638284102
2014,Nsanje,Nsanje South West,5.7300973586827855
2014,Ntcheu,Ntcheu Bwanje North,5.369693209186687
2014,Ntcheu,Ntcheu Bwanje South,4.486468599817611
2014,Ntcheu,Ntcheu Central,4.040557437416434
2014,Ntcheu,Ntcheu North,4.22240767522391
2014,Ntcheu,Ntcheu North East,5.140371360183691
2014,Ntcheu,Ntcheu South,2.4311797303460376
2014,Ntcheu,Ntcheu West,3.6291078949320412
2014,Ntchisi,Ntchisi East,3.1438286378562217
2014,Ntchisi,Ntchisi North,4.242210906034845
2014,Ntchisi,Ntchisi North East,3.164440274512256
2014,Ntchisi,Ntchisi South,2.4585958177439062
2014,Phalombe,Phalombe Central,3.9878019232397035
2014,Phalombe,Phalombe East,2.8741626153682787
2014,Phalombe,Phalombe North,2.2260723150378063
2014,Phalombe,Phalombe North East,3.6952088271221974
2014,Phalombe,Phalombe South,2.3530715141235805
2014,Rumphi,Rumphi Central,3.7655440720302944
2014,Rumphi,Rumphi East,3.983318200046296
2014,Rumphi,Rumphi North,2.579672180057399
2014,Rumphi,Rumphi West,2.5779530118529803
2014,Salima,Salima Central,5.22927180600875
2014,Salima,Salima North,3.565551373934024
2014,Salima,Salima North West,2.588201585524975
2014,Salima,Salima South,3.501736068773357
2014,Salima,Salima South East,4.604376787228866
2014,Thyolo,Thyolo Central,2.7880674735478785
2014,Thyolo,Thyolo East,1.2306336822206023
2014,Thyolo,Thyolo North,3.494475506929547
2014,Thyolo,Thyolo South,4.816145886383575
2014,Thyolo,Thyolo South West,4.810071224223413
2014,Thyolo,Thyolo Thava,1.9681423639021094
2014,Thyolo,Thyolo West,4.733110456031905
2014,Zomba,Zomba Central,4.2744979459238825
2014,Zomba,Zomba Changalume,4.616472129303611
2014,Zomba,Zomba Chingale,3.6392256209241225
2014,Zomba,Zomba Chisi,2.9999151642524864
2014,Zomba,Zomba Likangala,4.396736813632405
2014,Zomba,Zomba Lisanjala,2.790491737894427
2014,Zomba,Zomba Malosa,3.45223082223916
2014,Zomba,Zomba Nsondole,5.1357984414418105
2014,Zomba,Zomba Ntonya,3.5100241182095737
2014,Zomba,Zomba Thondwe,2.634565303693144
2019,Balaka,Balaka Central East,3.0958013483090614
2019,Balaka,Balaka North,3.085645106518644
2019,Balaka,Balaka South,5.543514111200951
2019,Balaka,Balaka West,3.7060366087893235
2019,Blantyre,Blantyre Bangwe,2.3113874992102414
2019,Blantyre,Blantyre City Centre,4.597742980316152
2019,Blantyre,Blantyre City East,2.0737641441503847
2019,Blantyre,Blantyre City South,3.9504584110900907
2019,Blantyre,Blantyre City South East,2.284139981668452
2019,Blantyre,Blantyre City West,4.858264465821813
2019,Blantyre,Blantyre Kabula,3.4151539983365984
2019,Blantyre,Blantyre Malabada,6.631220319440767
2019,Blantyre,Blantyre North,2.4465018561532657
2019,Blantyre,Blantyre North East,3.5609289182482162
2019,Blantyre,Blantyre Rural East,2.0043590820993584
2019,Blantyre,Blantyre South West,3.4283762227377697
2019,Blantyre,Blantyre West,5.560113561557717
2019,Chikhwawa,Chikhwawa Central,4.267740801880577
2019,Chikhwawa,Chikhwawa East,3.737745433039577
2019,Chikhwawa,Chikhwawa Mkombezi,3.484872697002296
2019,Chikhwawa,Chikhwawa North,1.9966983774984937
2019,Chikhwawa,Chikhwawa South,1.9323577459341363
2019,Chikhwawa,Chikhwawa West,2.698469113205058
2019,Chiradzulu,Chiradzulu Central,1.6835994551662707
2019,Chiradzulu,Chiradzulu East,2.070524658551594
2019,Chiradzulu,Chiradzulu North,4.924868123939212
2019,Chiradzulu,Chiradzulu South,1.4361931647264767
2019,Chiradzulu,Chiradzulu West,2.07273533814662
2019,Chitipa,Chitipa Central,2.3601183789256046
2019,Chitipa,Chitipa East,3.571316172217331
2019,Chitipa,Chitipa North,4.363246691084202
2019,Chitipa,Chitipa South,2.06585433456979
2019,Chitipa,Chitipa Wenya,3.9016687550938722
2019,Dedza,Dedza Central,2.0016044472673213
2019,Dedza,Dedza Central East,4.2482909013737915
2019,Dedza,Dedza East,3.3569966575007886
2019,Dedza,Dedza North,2.7924985867510226
2019,Dedza,Dedza North West,3.179328392865444
2019,Dedza,Dedza South,3.7322574926912417
2019,Dedza,Dedza South West,1.5884034474879438
2019,Dedza,Dedza West,3.7370106191700128
2019,Dowa,Dowa Central,2.2977176570916455
2019,Dowa,Dowa East,1.6553130563436977
2019,Dowa,Dowa Ngala,2.9134364200030114
2019,Dowa,Dowa North,2.3914184110260046
2019,Dowa,Dowa North East,4.5029947617989565
2019,Dowa,Dowa South East,2.7325901140163023
2019,Dowa,Dowa West,2.0989454689485885
2019,Karonga,Karonga Central,3.062363273979684
2019,Karonga,Karonga North,1.5673521620153856
2019,Karonga,Karonga North West,2.9879448465866356
2019,Karonga,Karonga Nyungwe,3.31952726995162
2019,Karonga,Karonga South,2.7033602176614973
2019,Kasungu,Kasungu Central,2.043545849216135
2019,Kasungu,Kasungu East,2.157979844147983
2019,Kasungu,Kasungu North,4.8431512808672
2019,Kasungu,Kasungu North East,3.086961015488938
2019,Kasungu,Kasungu North North East,3.558611018831996
2019,Kasungu,Kasungu North West,4.264269978578998
2019,Kasungu,Kasungu South,2.919721105122779
2019,Kasungu,Kasungu South East,3.6187899030106454
2019,Kasungu,Kasungu West,2.2093035382337933
2019,Likoma,Likoma Islands,2.8932999711847733
2019,Lilongwe,Lilongwe Central,3.351914347859909
2019,Lilongwe,Lilongwe City Centre,3.8031879960573303
2019,Lilongwe,Lilongwe City North,3.99924691368673
2019,Lilongwe,Lilongwe City South East,3.224473308989262
2019,Lilongwe,Lilongwe City South West,3.629101065097118
2019,Lilongwe,Lilongwe City West,3.3728514765429884
2019,Lilongwe,Lilongwe East,3.4490705897692386
2019,Lilongwe,Lilongwe Kumachenga,2.1401768454449375
2019,Lilongwe,Lilongwe Mpenu,3.5392449379516986
2019,Lilongwe,Lilongwe Mpenu Nkhoma,2.4244130175372556
2019,Lilongwe,Lilongwe Msinja North,3.163143476741169
2019,Lilongwe,Lilongwe Msinja South,2.703955865124437
2019,Lilongwe,Lilongwe Msozi North,1.416156592605258
2019,Lilongwe,Lilongwe Msozi South,2.961093870856185
2019,Lilongwe,Lilongwe North,4.008415287873154
2019,Lilongwe,Lilongwe North East,1.8184208879278896
2019,Lilongwe,Lilongwe North West,1.1824360757321482
2019,Lilongwe,Lilongwe South East,2.4495490001827585
2019,Lilongwe,Lilongwe South West,3.4092001856378262
2019,Lilongwe,Mapuyu North,1.9393057986690379
2019,Lilongwe,Mapuyu South,2.5873789643278844
2019,Machinga,Machinga Central,6.0752370719712
2019,Machinga,Machinga Central East,4.900677839208107
2019,Machinga,Machinga East,2.264139402480572
2019,Machinga,Machinga Likwenu,3.097454381357028
2019,Machinga,Machinga North East,5.116508800862352
2019,Machinga,Machinga South,4.422826308975349
2019,Machinga,Machinga South East,5.656513761376384
2019,Mangochi,Mangochi Central,4.336034791307392
2019,Mangochi,Mangochi East,2.4025060792378867
2019,Mangochi,Mangochi Lutende,2.800307593538531
2019,Mangochi,Mangochi Malombe,6.866456205396525
2019,Mangochi,Mangochi Masongola,5.273107173322101
2019,Mangochi,Mangochi Monkey Bay,3.55846470595794
2019,Mangochi,Mangochi Nkungulu,3.567013629824251
2019,Mangochi,Mangochi North,3.1834843430096025
2019,Mangochi,Mangochi North East,3.497252574786149
2019,Mangochi,Mangochi South,4.998988195412744
2019,Mangochi,Mangochi South West,5.33417886978523
2019,Mangochi,Mangochi West,5.569765846482571
2019,Mchinji,Mchinji Central,3.0046121379149993
2019,Mchinji,Mchinji East,4.246317846737497
2019,Mchinji,Mchinji North,2.7080025624470383
2019,Mchinji,Mchinji North East,2.822489008247785
2019,Mchinji,Mchinji South,2.460580207399451
2019,Mchinji,Mchinji South West,3.2516812290985024
2019,Mulanje,Mulanje Bale,2.0976605014617524
2019,Mulanje,Mulanje Central,1.502674383385877
2019,Mulanje,Mulanje Limbuli,2.218919113680009
2019,Mulanje,Mulanje North,3.2524155577029843
2019,Mulanje,Mulanje Pasani,4.463343747465194
2019,Mulanje,Mulanje South,2.0726239739518797
2019,Mulanje,Mulanje South East,2.6481129669331867
2019,Mulanje,Mulanje South West,4.297941688402255
2019,Mulanje,Mulanje West,3.0311302639709066
2019,Mwanza,Mwanza Central,3.0324877142047866
2019,Mwanza,Mwanza West,4.910941232554539
2019,Mzimba,Mzimba Central,3.853715432736695
2019,Mzimba,Mzimba East,4.799614100952774
2019,Mzimba,Mzimba Hora,2.9130751135314226
2019,Mzimba,Mzimba Luwerezi,4.211049579834041
2019,Mzimba,Mzimba North,4.045444847772845
2019,Mzimba,Mzimba North East,4.032347077560666
2019,Mzimba,Mzimba Solola,5.294073534563925
2019,Mzimba,Mzimba South,3.765972294465952
2019,Mzimba,Mzimba South East,4.220329686576283
2019,Mzimba,Mzimba South West,2.7274411479913656
2019,Mzimba,Mzimba West,3.733390906890928
2019,Mzimba,Mzuzu City,4.440084504677027
2019,Neno,Neno North,4.85623349661794
2019,Neno,Neno South,4.118388112906378
2019,Nkhatabay,Nkhatabay Central,2.349782716841192
2019,Nkhatabay,Nkhatabay North,2.171667270419637
2019,Nkhatabay,Nkhatabay North West,6.461931354412491
2019,Nkhatabay,Nkhatabay South,4.462258098319995
2019,Nkhatabay,Nkhatabay South East,3.9175079391877374
2019,Nkhatabay,Nkhatabay West,2.7154422724156584
2019,Nkhotakota,Nkhotakota Central,4.463695061840206
2019,Nkhotakota,Nkhotakota North,3.5589647445450394
2019,Nkhotakota,Nkhotakota North East,3.947882654379021
2019,Nkhotakota,Nkhotakota South,2.634658916857626
2019,Nkhotakota,Nkhotakota South East,4.117194646389116
2019,Nsanje,Nsanje Central,2.288620089781728
2019,Nsanje,Nsanje Lalanje,2.5985994930095
2019,Nsanje,Nsanje North,2.1872109417274963
2019,Nsanje,Nsanje South,2.8983895305170613
2019,Nsanje,Nsanje South West,2.484166166165695
2019,Ntcheu,Ntcheu Bwanje North,7.064710278560396
2019,Ntcheu,Ntcheu Bwanje South,4.7306388346755845
2019,Ntcheu,Ntcheu Central,5.526381400231849
2019,Ntcheu,Ntcheu North,2.8180634179371498
2019,Ntcheu,Ntcheu North East,3.2090671550889547
2019,Ntcheu,Ntcheu South,4.284193727564623
2019,Ntcheu,Ntcheu West,3.01579701229124
2019,Ntchisi,Ntchisi East,4.0514032191119504
2019,Ntchisi,Ntchisi North,2.5454629169194214
2019,Ntchisi,Ntchisi North East,2.781575222706813
2019,Ntchisi,Ntchisi South,3.866519906198496
2019,Phalombe,Phalombe Central,1.7260483660812296
2019,Phalombe,Phalombe East,1.8748281029058225
2019,Phalombe,Phalombe North,3.6569715835068224
2019,Phalombe,Phalombe North East,3.170004528930898
2019,Phalombe,Phalombe South,2.396909289527915
2019,Rumphi,Rumphi Central,4.20108519566614
2019,Rumphi,Rumphi East,2.6126882329633196
2019,Rumphi,Rumphi North,1.714105763546212
2019,Rumphi,Rumphi West,2.685152630548899
2019,Salima,Salima Central,2.9357215429348535
2019,Salima,Salima North,2.579963100168047
2019,Salima,Salima North West,2.458786089790341
2019,Salima,Salima South,2.3614211081115477
2019,Salima,Salima South East,3.4103141215208046
2019,Thyolo,Thyolo Central,1.3048249163224526
2019,Thyolo,Thyolo East,2.4696927568145655
2019,Thyolo,Thyolo North,3.1742475785851223
2019,Thyolo,Thyolo South (Thekerani),3.9903324277237417
2019,Thyolo,Thyolo South West,2.694945299653324
2019,Thyolo,Thyolo Thava,1.5078412610765881
2019,Thyolo,Thyolo West,3.964491252229671
2019,Zomba,Zomba Central/City,5.175819615692403
2019,Zomba,Zomba Changalume,3.4030862860273707
2019,Zomba,Zomba Chingale,4.827850656050602
2019,Zomba,Zomba Chisi,2.486403847493667
2019,Zomba,Zomba Likangala,2.3313876530311286
2019,Zomba,Zomba Lisanjala,2.2921703276226437
2019,Zomba,Zomba Malosa,3.881587190124748
2019,Zomba,Zomba Nsondole,5.035944218626591
2019,Zomba,Zomba Ntonya,5.846337347662149
2019,Zomba,Zomba Thondwe,3.4006621580447485
