year,district,constituency,wasted_share
1994,Blantyre,Blantyre City South-East,0.18160480349344976
1994,Blantyre,Blantyre City-Central,0.23749131976170457
1994,Blantyre,Blantyre City-East,0.221040750861352
1994,Blantyre,Blantyre City-South,0.3004037241492955
1994,Blantyre,Blantyre City-West,0.21571560681064028
1994,Blantyre,Blantyre North,0.16497838171710932
1994,Blantyre,Blantyre North-East,0.22067142154451547
1994,Blantyre,Blantyre Rural-East,0.2814010853478046
1994,Blantyre,Blantyre South-West,0.3291435875585854
1994,Blantyre,Blantyre West,0.34683924216844875
1994,Chikwawa,Chikwawa Central,0.3797152245345017
1994,Chikwawa,Chikwawa East,0.4647916666666667
1994,Chikwawa,Chikwawa Nkombezi,0.3671114316624594
1994,Chikwawa,Chikwawa North,0.36415094339622645
1994,Chikwawa,Chikwawa South,0.5044129235618597
1994,Chikwawa,Chikwawa West,0.4528165041502136
1994,Chiradzulu,Chiradzulu Central,0.096156013978131
1994,Chiradzulu,Chiradzulu East,0.15229843906630391
1994,Chiradzulu,Chiradzulu North,0.1453105968331303
1994,Chiradzulu,Chiradzulu South,0.1644692737430168
1994,Chiradzulu,Chiradzulu West,0.12328632014991614
1994,Chitipa,Chitipa Central,0.13351151066026845
1994,Chitipa,Chitipa East,0.10266814213697284
1994,Chitipa,Chitipa North,0.2159738439981317
1994,Chitipa,Chitipa South,0.08288313903895361
1994,Chitipa,Chitipa Wenya,0.07112794612794615
1994,Dedza,Dedza Central,0.16120954405858734
1994,Dedza,Dedza Central-East,0.19858295611100174
1994,Dedza,Dedza East,0.3908616836354606
1994,Dedza,Dedza North,0.4115791845010137
1994,Dedza,Dedza North-West,0.07760259420776028
1994,Dedza,Dedza South,0.40368129097327277
1994,Dedza,Dedza South-West,0.1726691751776862
1994,Dedza,Dedza West,0.14380187597003846
1994,Dowa,Dowa Central,0.19121639606068674
1994,Dowa,Dowa East,0.22491349480968859
1994,Dowa,Dowa Ngala,0.195277522232444
1994,Dowa,Dowa North,0.1561256799545344
1994,Dowa,Dowa North-East,0.2637345188948873
1994,Dowa,Dowa South-East,0.2627268234131187
1994,Dowa,Dowa West,0.19278888779430603
1994,Karonga,Karonga Central,0.14962680090262104
1994,Karonga,Karonga North,0.10183026346467705
1994,Karonga,Karonga North-West,0.12821556496255293
1994,Karonga,Karonga Nyungwe,0.11715789473684213
1994,Karonga,Karonga South,0.14244358669833734
1994,Kasungu,Kasungu Central,0.40361754457880716
1994,Kasungu,Kasungu East,0.28753937696884846
1994,Kasungu,Kasungu North,0.2993624227933851
1994,Kasungu,Kasungu North-East,0.16098577734183428
1994,Kasungu,Kasungu North-North-East,0.5118867665246667
1994,Kasungu,Kasungu North-West,0.47502223539875477
1994,Kasungu,Kasungu South,0.14820865254619198
1994,Kasungu,Kasungu South-East,0.28523423601502274
1994,Kasungu,Kasungu West,0.27190701942192996
1994,Lilongwe,Lilongwe Central,0.1746043484691614
1994,Lilongwe,Lilongwe City Central,0.4744636786370209
1994,Lilongwe,Lilongwe City North,0.1504845216997851
1994,Lilongwe,Lilongwe City South,0.43693759071117566
1994,Lilongwe,Lilongwe City West,0.42260581942219233
1994,Lilongwe,Lilongwe East,0.029024878467257653
1994,Lilongwe,Lilongwe Kumachenga,0.2841014742993757
1994,Lilongwe,Lilongwe Mpenu,0.06002506265664165
1994,Lilongwe,Lilongwe Msinja,0.09326622228268266
1994,Lilongwe,Lilongwe Msozi,0.11586010721709639
1994,Lilongwe,Lilongwe North,0.2196058848384742
1994,Lilongwe,Lilongwe North-East,0.12616457606828713
1994,Lilongwe,Lilongwe North-West,0.22964022279090768
1994,Lilongwe,Lilongwe South,0.12879700254248627
1994,Lilongwe,Lilongwe South-East,0.0980023161551824
1994,Lilongwe,Lilongwe South-West,0.2748763297290199
1994,Lilongwe,Lilongwe West,0.16168667969840822
1994,Machinga,Machinga Central,0.08062069770155178
1994,Machinga,Machinga Central-East,0.07709973753280841
1994,Machinga,Machinga East,0.05892080382499909
1994,Machinga,Machinga Likwenu,0.1663825219422871
1994,Machinga,Machinga North,0.12156838479467025
1994,Machinga,Machinga North-East,0.05201116740771383
1994,Machinga,Machinga Riviridzi,0.10063111862048402
1994,Machinga,Machinga South,0.08444928021426179
1994,Machinga,Machinga South-East,0.0369147251752997
1994,Machinga,Machinga West,0.16175182481751826
1994,Mchinji,Mchinji East,0.28448384257512893
1994,Mchinji,Mchinji North,0.28645304721859743
1994,Mchinji,Mchinji North-East,0.20143487858719644
1994,Mchinji,Mchinji South,0.22009473613983588
1994,Mchinji,Mchinji South-West,0.3384733344692452
1994,Mchinji,Mchinji West,0.44658187599364074
1994,Mulanje,Mulanje Bale,0.3337577709534866
1994,Mulanje,Mulanje Central,0.18315734584799892
1994,Mulanje,Mulanje East,0.6042730056876184
1994,Mulanje,Mulanje Limbuli,0.6081722948793025
1994,Mulanje,Mulanje North,0.39494259699129053
1994,Mulanje,Mulanje North-East,0.3849213691026827
1994,Mulanje,Mulanje North-West,0.3004599672565682
1994,Mulanje,Mulanje South,0.43082531524532364
1994,Mulanje,Mulanje South-East,0.4570658786719972
1994,Mulanje,Mulanje South-West,0.19840064783885014
1994,Mulanje,Mulanje West,0.24418391646821758
1994,Mwanza,Mwanza Central,0.26523911491791574
1994,Mwanza,Mwanza East,0.2979960707269155
1994,Mwanza,Mwanza North,0.3785826771653543
1994,Mwanza,Mwanza West,0.30978919311848796
1994,Mzimba,Mzimba Central,0.11983782764472939
1994,Mzimba,Mzimba East,0.1153044969979169
1994,Mzimba,Mzimba Hora,0.07495590828924159
1994,Mzimba,Mzimba Luwerezi,0.12321018207530499
1994,Mzimba,Mzimba North,0.2847565018787298
1994,Mzimba,Mzimba North-East,0.09623675946132959
1994,Mzimba,Mzimba Solora,0.10487123797704001
1994,Mzimba,Mzimba South,0.033205619412515985
1994,Mzimba,Mzimba South-East,0.20445900253592564
1994,Mzimba,Mzimba South-West,0.09810270025254164
1994,Mzimba,Mzimba West,0.2097225515769504
1994,Mzimba,Mzuzu City,0.17099099099099102
1994,Nkhata Bay,Nkhata Bay Central,0.20560216123986919
1994,Nkhata Bay,Nkhata Bay North-West,0.21756796690307334
1994,Nkhata Bay,Nkhata Bay South,0.3130712476599493
1994,Nkhata Bay,Nkhata Bay South-East,0.12436472346786243
1994,Nkhata Bay,Nkhata Bay West,0.22350543478260865
1994,Nkhata Bay,Nkhatabay East,0.45001717622810034
1994,Nkhata Bay,Nkhatabay North,0.38429506246281975
1994,Nkhotakota,Nkhotakota Central,0.46881814217182727
1994,Nkhotakota,Nkhotakota North,0.6641691196146642
1994,Nkhotakota,Nkhotakota North-East,0.6319398152556899
1994,Nkhotakota,Nkhotakota South,0.46254379622935315
1994,Nkhotakota,Nkhotakota South-East,0.3787683152753607
1994,Nsanje,Nsanje Central,0.45972472924187724
1994,Nsanje,Nsanje Lalanje,0.4120603015075377
1994,Nsanje,Nsanje North,0.41006928406466514
1994,Nsanje,Nsanje South,0.4854937697600893
1994,Nsanje,Nsanje South-West,0.4064425770308123
1994,Ntcheu,Mangochi Central,0.14640522875816997
1994,Ntcheu,Mangochi East,0.0793313731895895
1994,Ntcheu,Mangochi Lutende,0.0916005650331414
1994,Ntcheu,Mangochi Masongola,0.08779321339102708
1994,Ntcheu,Mangochi Monkey Bay,0.2574357676243514
1994,Ntcheu,Mangochi North,0.14851689096402088
1994,Ntcheu,Mangochi North-East,0.1779351857481608
1994,Ntcheu,Mangochi South,0.08406483674701593
1994,Ntcheu,Mangochi South-West,0.19193053695623996
1994,Ntcheu,Mangochi West,0.20981842636180226
1994,Ntcheu,Ntcheu Bwanje North,0.25923443550789393
1994,Ntcheu,Ntcheu Bwanje South,0.17294227477827917
1994,Ntcheu,Ntcheu Central,0.2149650509911768
1994,Ntcheu,Ntcheu North,0.46314309152701283
1994,Ntcheu,Ntcheu North-East,0.32090622311442496
1994,Ntcheu,Ntcheu South,0.2834355828220859
1994,Ntcheu,Ntcheu West,0.32983988355167393
1994,Ntchisi,Ntchisi East,0.3341590289819173
1994,Ntchisi,Ntchisi North,0.4821041619965628
1994,Ntchisi,Ntchisi North-East,0.41508982035928144
1994,Ntchisi,Ntchisi South,0.2653461151422064
1994,Rumphi,Rumphi Central,0.1351460492663885
1994,Rumphi,Rumphi East,0.08124743537135826
1994,Rumphi,Rumphi North,0.06796422935297208
1994,Rumphi,Rumphi West,0.1514760147601476
1994,Salima,Salima Central,0.4566505908772963
1994,Salima,Salima North,0.23632743881016516
1994,Salima,Salima North-West,0.34800782639630023
1994,Salima,Salima South,0.432890365448505
1994,Salima,Salima South-East,0.5119058480065688
1994,Thyolo,Thyolo Central,0.2618116985531098
1994,Thyolo,Thyolo East,0.2756650975829058
1994,Thyolo,Thyolo North,0.25677693093423426
1994,Thyolo,Thyolo South,0.3693904677511235
1994,Thyolo,Thyolo South-West,0.2288573811509591
1994,Thyolo,Thyolo Thava,0.2829259048701914
1994,Thyolo,Thyolo West,0.5469040659048632
1994,Zomba,Zomba Central,0.401058140203577
1994,Zomba,Zomba East,0.18078369285572926
1994,Zomba,Zomba North,0.11627212306773205
1994,Zomba,Zomba North-East,0.10738626918601435
1994,Zomba,Zomba North-West,0.2065607974962328
1994,Zomba,Zomba South,0.16664053312426497
1994,Zomba,Zomba South-West,0.15894918936315727
1994,Zomba,Zomba West,0.1716102435104636
1999,Balaka,Balaka Central-East,0.09302267630201844
1999,Balaka,Balaka North,0.13379133270878873
1999,Balaka,Balaka South,0.4077245125033002
1999,Balaka,Balaka West,0.32556701827595536
1999,Balaka,Machinga Central,0.30730381972191145
1999,Balaka,Machinga Central East,0.05711400359066432
1999,Balaka,Machinga East,0.2097906055461234
1999,Balaka,Machinga Likwenu,0.32581296254765646
1999,Balaka,Machinga North-East,0.07645701096364688
1999,Balaka,Machinga South,0.2786978508217446
1999,Balaka,Machinga South-East,0.2344318895166353
1999,Blantyre,Blantyre Bangwe,0.4249486953972442
1999,Blantyre,Blantyre City South-East,0.25707605556319624
1999,Blantyre,Blantyre City-Central,0.438218709763353
1999,Blantyre,Blantyre City-East,0.3184758069436817
1999,Blantyre,Blantyre City-South,0.4292440627101982
1999,Blantyre,Blantyre City-West,0.5361742979812796
1999,Blantyre,Blantyre Kabula,0.30058349903836745
1999,Blantyre,Blantyre Malabada,0.3332310524700829
1999,Blantyre,Blantyre North,0.24336589493115912
1999,Blantyre,Blantyre North-East,0.32384854693072307
1999,Blantyre,Blantyre Rural-East,0.3558870538092701
1999,Blantyre,Blantyre South-West,0.4944603840211874
1999,Blantyre,Blantyre West,0.32949049747732206
1999,Chikwawa,Chikwawa Central,0.4860416454016536
1999,Chikwawa,Chikwawa East,0.3752997130615935
1999,Chikwawa,Chikwawa Mkombezi,0.45535220994475134
1999,Chikwawa,Chikwawa North,0.48845171458072933
1999,Chikwawa,Chikwawa South,0.4561275665480732
1999,Chikwawa,Chikwawa West,0.43604526093877727
1999,Chiradzulu,Chiradzulu Central,0.11647298620853963
1999,Chiradzulu,Chiradzulu East,0.38223249987955865
1999,Chiradzulu,Chiradzulu North,0.22726992920898736
1999,Chiradzulu,Chiradzulu South,0.19824578564674422
1999,Chiradzulu,Chiradzulu West,0.49333124117370153
1999,Chitipa,Chitipa Central,0.3398141775636614
1999,Chitipa,Chitipa East,0.4973554967888175
1999,Chitipa,Chitipa North,0.3106343995724864
1999,Chitipa,Chitipa South,0.08597785977859773
1999,Chitipa,Chitipa Wenya,0.45299145299145294
1999,Dedza,Dedza Central,0.23247536622831666
1999,Dedza,Dedza Central-East,0.2431842966194111
1999,Dedza,Dedza East,0.4455586927595495
1999,Dedza,Dedza North,0.46739660279725526
1999,Dedza,Dedza North-West,0.1808396568789179
1999,Dedza,Dedza South,0.3783630769230769
1999,Dedza,Dedza South-West,0.29362465079431266
1999,Dedza,Dedza West,0.208118590935657
1999,Dowa,Dowa Central,0.31754333532576207
1999,Dowa,Dowa East,0.16737614905299525
1999,Dowa,Dowa Ngala,0.28471503662927855
1999,Dowa,Dowa North,0.27473634316862183
1999,Dowa,Dowa North-East,0.40680550922175096
1999,Dowa,Dowa South-East,0.372692159134801
1999,Dowa,Dowa West,0.3171358236112598
1999,Karonga,Karonga Central,0.23667859160233473
1999,Karonga,Karonga North,0.2506390230048282
1999,Karonga,Karonga North-West,0.302094853945742
1999,Karonga,Karonga Nyungwe,0.21440638918752875
1999,Karonga,Karonga South,0.1920112517580872
1999,Kasungu,Kasungu Central,0.4354508196721312
1999,Kasungu,Kasungu East,0.3197379315310126
1999,Kasungu,Kasungu North,0.5297737556561086
1999,Kasungu,Kasungu North-East,0.32962668784749805
1999,Kasungu,Kasungu North-North-East,0.4586236259482892
1999,Kasungu,Kasungu North-West,0.2833699565197064
1999,Kasungu,Kasungu South,0.2551234671594155
1999,Kasungu,Kasungu South-East,0.32488822652757077
1999,Kasungu,Kasungu West,0.2715953064536263
1999,Lilongwe,Lilongwe Central,0.2027887238557139
1999,Lilongwe,Lilongwe City North,0.3399674672280164
1999,Lilongwe,Lilongwe City South-East,0.5050863685323334
1999,Lilongwe,Lilongwe City South-West,0.516552082731527
1999,Lilongwe,Lilongwe City-Central,0.5639853114390633
1999,Lilongwe,Lilongwe City-West,0.5126599714493225
1999,Lilongwe,Lilongwe East,0.1390170742962621
1999,Lilongwe,Lilongwe Kumachenga,0.2960130718954248
1999,Lilongwe,Lilongwe Mapuyu North,0.23438816948892804
1999,Lilongwe,Lilongwe Mapuyu South,0.21277861687033728
1999,Lilongwe,Lilongwe Mpenu,0.1624992680213152
1999,Lilongwe,Lilongwe Mpenu Nkhoma,0.08700998475234867
1999,Lilongwe,Lilongwe Msinja North,0.15184312472542838
1999,Lilongwe,Lilongwe Msinja South,0.1475715781328235
1999,Lilongwe,Lilongwe Msozi North,0.13366090653122065
1999,Lilongwe,Lilongwe Msozi South,0.11744055110286811
1999,Lilongwe,Lilongwe North,0.3264615078179465
1999,Lilongwe,Lilongwe North-East,0.14542031658214227
1999,Lilongwe,Lilongwe North-West,0.3316691729323308
1999,Lilongwe,Lilongwe South,0.16674220677846607
1999,Lilongwe,Lilongwe South-East,0.2379613356766257
1999,Lilongwe,Lilongwe South-West,0.26528195317482006
1999,Mangochi,Mangochi Central,0.1363153183394875
1999,Mangochi,Mangochi East,0.0867253696627347
1999,Mangochi,Mangochi Lutende,0.4136294287167317
1999,Mangochi,Mangochi Malombe,0.07419891801914269
1999,Mangochi,Mangochi Masongola,0.29346686852218473
1999,Mangochi,Mangochi Monkey Bay,0.46417830511267666
1999,Mangochi,Mangochi Nkungulu,0.08843840498997546
1999,Mangochi,Mangochi North,0.10286911160290868
1999,Mangochi,Mangochi North-East,0.16585034013605437
1999,Mangochi,Mangochi South,0.18923946232407962
1999,Mangochi,Mangochi South-West,0.2756750519270713
1999,Mangochi,Mangochi West,0.465906018493484
1999,Mchinji,Mchinji East,0.4628322259136213
1999,Mchinji,Mchinji North,0.37964222554754457
1999,Mchinji,Mchinji North-East,0.3645905193653296
1999,Mchinji,Mchinji South,0.3240835742934428
1999,Mchinji,Mchinji South-West,0.5179442697603817
1999,Mulanje,Mulanje Bale,0.25048013315692885
1999,Mulanje,Mulanje Central,0.1965189720842775
1999,Mulanje,Mulanje Limbuli,0.5358259196922337
1999,Mulanje,Mulanje North,0.1942140790742527
1999,Mulanje,Mulanje Pasani,0.1396957599118943
1999,Mulanje,Mulanje South,0.31669050805223575
1999,Mulanje,Mulanje South-East,0.3641335376663962
1999,Mulanje,Mulanje South-West,0.35954491455725124
1999,Mulanje,Mulanje West,0.2772844457175594
1999,Mwanza,Mwanza Central,0.2256221064814815
1999,Mwanza,Mwanza East,0.2852773726062203
1999,Mwanza,Mwanza North,0.5667137191638099
1999,Mwanza,Mwanza West,0.26326722058429375
1999,Mzimba,Mzimba Central,0.4946961009174312
1999,Mzimba,Mzimba East,0.2964831689133218
1999,Mzimba,Mzimba Hora,0.43353970166618194
1999,Mzimba,Mzimba Luwerezi,0.49961502925777646
1999,Mzimba,Mzimba North,0.4088043954562308
1999,Mzimba,Mzimba North-East,0.38680520358168613
1999,Mzimba,Mzimba Solora,0.34723395270270274
1999,Mzimba,Mzimba South,0.42077407740774075
1999,Mzimba,Mzimba South-East,0.5396920766053324
1999,Mzimba,Mzimba South-West,0.4726060962462021
1999,Mzimba,Mzimba West,0.24616960627115625
1999,Mzimba,Mzuzu City,0.15241372330735758
1999,Nkhata Bay,Nkhata Bay Central,0.6087908523234125
1999,Nkhata Bay,Nkhata Bay North-West,0.5551523587015956
1999,Nkhata Bay,Nkhata Bay South,0.459023207481815
1999,Nkhata Bay,Nkhata Bay South-East,0.49945840554592724
1999,Nkhata Bay,Nkhata Bay West,0.4670537742994193
1999,Nkhata Bay,Nkhatabay East,0.6060683980457702
1999,Nkhata Bay,Nkhatabay North,0.5040567951318459
1999,Nkhotakota,Nkhotakota Central,0.46973447344734476
1999,Nkhotakota,Nkhotakota North,0.5795276224198286
1999,Nkhotakota,Nkhotakota North-East,0.6339246809835045
1999,Nkhotakota,Nkhotakota South,0.4957651926154326
1999,Nkhotakota,Nkhotakota South-East,0.5033364369956549
1999,Nsanje,Nsanje Central,0.44374682902080165
1999,Nsanje,Nsanje Lalanje,0.3042814470627282
1999,Nsanje,Nsanje North,0.3734552532705627
1999,Nsanje,Nsanje South,0.42285213325540616
1999,Nsanje,Nsanje South-West,0.24774085230359
1999,Ntcheu,Ntcheu Bwanje North,0.12105938852170606
1999,Ntcheu,Ntcheu Bwanje South,0.3822169100452113
1999,Ntcheu,Ntcheu Central,0.2235103969166693
1999,Ntcheu,Ntcheu North,0.4205212491195116
1999,Ntcheu,Ntcheu North-East,0.3536973047684865
1999,Ntcheu,Ntcheu South,0.4470557984057598
1999,Ntcheu,Ntcheu West,0.4325060399736438
1999,Ntchisi,Ntchisi East,0.468179795282599
1999,Ntchisi,Ntchisi North,0.4968208224692374
1999,Ntchisi,Ntchisi North-East,0.360440590578861
1999,Ntchisi,Ntchisi South,0.3945862035509847
1999,Phalombe,Phalombe Central,0.20692704495210024
1999,Phalombe,Phalombe East,0.12742493358063056
1999,Phalombe,Phalombe North,0.42307692307692313
1999,Phalombe,Phalombe North-East,0.15721342190427523
1999,Phalombe,Phalombe South,0.5320763393883652
1999,Rumphi,Rumphi Central,0.10762050085270625
1999,Rumphi,Rumphi East,0.20425118687958566
1999,Rumphi,Rumphi North,0.15142029892792863
1999,Rumphi,Rumphi West,0.18186151017906993
1999,Salima,Salima Central,0.4658855625654642
1999,Salima,Salima North,0.38867761452031113
1999,Salima,Salima North-West,0.42981477348806074
1999,Salima,Salima South,0.3735435229609322
1999,Salima,Salima South-East,0.4399452967059103
1999,Thyolo,Thyolo Central,0.17991321602232835
1999,Thyolo,Thyolo East,0.23485691834195532
1999,Thyolo,Thyolo North,0.2538767019667171
1999,Thyolo,Thyolo South,0.2970403974940592
1999,Thyolo,Thyolo South-West,0.4433424980361351
1999,Thyolo,Thyolo Thava,0.22635481580815653
1999,Thyolo,Thyolo West,0.5416974949793891
1999,Zomba,Zomba Central,0.37669200144770176
1999,Zomba,Zomba Changalume,0.2968323461241308
1999,Zomba,Zomba Chingale,0.13212480390447967
1999,Zomba,Zomba Chisi / Mpyupyu,0.2715638232075741
1999,Zomba,Zomba Domasi / Nsondole,0.26237095051619796
1999,Zomba,Zomba Likangala,0.2804525919957024
1999,Zomba,Zomba Lisanjala,0.19218714165583672
1999,Zomba,Zomba Malosa,0.2358420082681676
1999,Zomba,Zomba Ntonya,0.2511894952287287
1999,Zomba,Zomba Thondwe,0.21150761301180743
2004,Balaka,Balaka Central Ea,0.33306436119116234
2004,Balaka,Balaka North,0.23901523515124756
2004,Balaka,Balaka South,0.6737611803878044
2004,Balaka,Balaka West,0.30909957690244916
2004,Blantyre,Blantyre Bangwe,0.53039323202256
2004,Blantyre,Blantyre City Cent,0.6812764830508475
2004,Blantyre,Blantyre City Sout,0.42286153508290325
2004,Blantyre,Blantyre City Wes,0.683749217422413
2004,Blantyre,Blantyre Kabula,0.6558007267365317
2004,Blantyre,Blantyre Malabada,0.682329751382972
2004,Blantyre,Blantyre North,0.38165715644317644
2004,Blantyre,Blantyre North-Ea,0.4137689466310024
2004,Blantyre,Blantyre Rural Eas,0.5083881928222553
2004,Blantyre,Blantyre South-W,0.6247434963924009
2004,Blantyre,Blantyre West,0.596011208175375
2004,Chikwawa,Chikwawa Central,0.6070615034168565
2004,Chikwawa,Chikwawa East,0.5425769321118159
2004,Chikwawa,Chikwawa Nkomb,0.5730016313213704
2004,Chikwawa,Chikwawa North,0.7059088182363527
2004,Chikwawa,Chikwawa South,0.3005880848887752
2004,Chikwawa,Chikwawa West,0.5082083306508723
2004,Chiradzulu,Chiradzulu Centra,0.4847895154884829
2004,Chiradzulu,Chiradzulu East,0.28919400620503
2004,Chiradzulu,Chiradzulu North,0.5536147954418082
2004,Chiradzulu,Chiradzulu South,0.6453645807690414
2004,Chiradzulu,Chiradzulu West,0.6161419715570682
2004,Chitipa,Chitipa Central,0.5612521431336762
2004,Chitipa,Chitipa East,0.38955010711735305
2004,Chitipa,Chitipa North,0.6317812136920189
2004,Chitipa,Chitipa South,0.46108162749557746
2004,Chitipa,Chitipa Wenya,0.504960656859391
2004,Dedza,Dedza Central,0.3996908645133781
2004,Dedza,Dedza Central-East,0.3083810164927634
2004,Dedza,Dedza East,0.5399077164735913
2004,Dedza,Dedza North,0.514883263446705
2004,Dedza,Dedza North-West,0.3393430099312452
2004,Dedza,Dedza South,0.29792823650693356
2004,Dedza,Dedza South-West,0.6730062423429205
2004,Dedza,Dedza West,0.2909845515333179
2004,Dowa,Dowa Central,0.37023136882913354
2004,Dowa,Dowa East,0.4846369514218687
2004,Dowa,Dowa Ngala,0.3547425163436174
2004,Dowa,Dowa North,0.4474063895568533
2004,Dowa,Dowa North-East,0.6166786398467433
2004,Dowa,Dowa South-East,0.22814441825583887
2004,Dowa,Dowa West,0.3367612439598563
2004,Karonga,Karonga Central,0.588898213643448
2004,Karonga,Karonga North,0.7753178117411799
2004,Karonga,Karonga North We,0.5707737237070718
2004,Karonga,Karonga Nyungwe,0.42686182454202337
2004,Karonga,Karonga South,0.5485499058380414
2004,Kasungu,Kasungu Central,0.5294328930039509
2004,Kasungu,Kasungu East,0.33477321814254857
2004,Kasungu,Kasungu North,0.7226520135926542
2004,Kasungu,Kasungu North East,0.38517865019850017
2004,Kasungu,Kasungu North North-East,0.4277690820366449
2004,Kasungu,Kasungu North-West,0.5089247112593416
2004,Kasungu,Kasungu South,0.1959977557508884
2004,Kasungu,Kasungu South East,0.2979738485098362
2004,Kasungu,Kasungu West,0.3505715440879186
2004,Likoma,Likoma Islands,0.45094124358243015
2004,Lilongwe,Lilongwe Central,0.3007311441765008
2004,Lilongwe,Lilongwe City Cen,0.6164582469033366
2004,Lilongwe,Lilongwe City Nor,0.47046287295296496
2004,Lilongwe,Lilongwe City Sou,0.44239183276616434
2004,Lilongwe,Lilongwe City Wes,0.5130400807475661
2004,Lilongwe,Lilongwe Kumach,0.26713883592118404
2004,Lilongwe,Lilongwe Mapuyu,0.27585128017938154
2004,Lilongwe,Lilongwe Mpenu,0.1578408800204656
2004,Lilongwe,Lilongwe Mpenu N,0.32905161141450656
2004,Lilongwe,Lilongwe Msinja N,0.13570052298376
2004,Lilongwe,Lilongwe Msinja S,0.24344690241670708
2004,Lilongwe,Lilongwe Msozi N,0.1588699450472031
2004,Lilongwe,Lilongwe Msozi S,0.22310235140023704
2004,Lilongwe,Lilongwe North,0.49142072752230614
2004,Lilongwe,Lilongwe North-Ea,0.37200365965233306
2004,Lilongwe,Lilongwe North-W,0.3482293423271501
2004,Lilongwe,Lilongwe South,0.11690305151347702
2004,Lilongwe,Lilongwe South E,0.2805828532700779
2004,Lilongwe,Lilongwe South W,0.16428842504743835
2004,Lilongwe,Lilongwee City So,0.51392749423384
2004,Machinga,Machinga Central,0.5075612258553777
2004,Machinga,Machinga Central East,0.4572106261859582
2004,Machinga,Machinga East,0.651458459062563
2004,Machinga,Machinga Likwenu,0.5061955025240936
2004,Machinga,Machinga North-East,0.08854504616920389
2004,Machinga,Machinga South,0.42129953089130656
2004,Machinga,Machinga South East,0.25733037442749895
2004,Mangochi,Mangochi Central,0.6041383830345022
2004,Mangochi,Mangochi East,0.6806462701959437
2004,Mangochi,Mangochi Malomb,0.44144685453343746
2004,Mangochi,Mangochi Masong,0.48596663395485773
2004,Mangochi,Mangochi Monkey,0.673289681643712
2004,Mangochi,Mangochi Nkungu,0.39245960502693
2004,Mangochi,Mangochi North,0.5473270347984274
2004,Mangochi,Mangochi North-E,0.49654264076391175
2004,Mangochi,Mangochi South,0.6863966236038911
2004,Mangochi,Mangochi South W,0.7269229087410906
2004,Mangochi,Mangochi West,0.6043844232725928
2004,Mchinji,Mchinji East,0.4114964037190808
2004,Mchinji,Mchinji North,0.6059946069280232
2004,Mchinji,Mchinji North-East,0.2912666103387357
2004,Mchinji,Mchinji South,0.2947357192383594
2004,Mchinji,Mchinji South-West,0.47622089721749006
2004,Mchinji,Mchinji West,0.5914102564102564
2004,Mulanje,Mulanje Bale,0.7252450152078405
2004,Mulanje,Mulanje Central,0.47937577340849713
2004,Mulanje,Mulanje Limbuli,0.5654821655624707
2004,Mulanje,Mulanje North,0.5231038386333231
2004,Mulanje,Mulanje Pasani,0.5958634835621902
2004,Mulanje,Mulanje South,0.39881372687473515
2004,Mulanje,Mulanje South East,0.663738194596969
2004,Mulanje,Mulanje South West,0.5408155399676251
2004,Mulanje,Mulanje West,0.47125088007509974
2004,Mwanza,Mwanza Central,0.6319166969366752
2004,Mwanza,Mwanza West,0.7167904541580421
2004,Mzimba,Mzimba Central,0.48558818230949374
2004,Mzimba,Mzimba East,0.48024287716020553
2004,Mzimba,Mzimba Hora,0.7254632132501107
2004,Mzimba,Mzimba Luwelezi,0.6459417142279913
2004,Mzimba,Mzimba North East,0.7355287146763901
2004,Mzimba,Mzimba Solora,0.7388329715150319
2004,Mzimba,Mzimba South,0.59803601988428
2004,Mzimba,Mzimba South West,0.5516744880546075
2004,Mzimba,Mzimba West,0.48385061821852127
2004,Mzimba,Mzuzu City,0.7333055359548399
2004,Neno,Neno North,0.5574121679520136
2004,Neno,Neno South,0.7350867162187917
2004,Nkhata Bay,Nkhata-Bay Centra,0.48106336489439183
2004,Nkhata Bay,Nkhata-Bay North,0.6757284079084287
2004,Nkhata Bay,Nkhata-Bay South,0.699410145497444
2004,Nkhata Bay,Nkhata-Bay West,0.6744031830238727
2004,Nkhata Bay,Nkhatabay South,0.2672628772895348
2004,Nkhotakota,Nkhotakota Central,0.5218733225979603
2004,Nkhotakota,Nkhotakota North,0.6407894736842106
2004,Nkhotakota,Nkhotakota North-East,0.6711916909620992
2004,Nkhotakota,Nkhotakota South,0.5818868980963046
2004,Nkhotakota,Nkhotakota South East,0.6367532673686438
2004,Nsanje,Nsanje Central,0.37846643430822857
2004,Nsanje,Nsanje Lalanje,0.3930413426115432
2004,Nsanje,Nsanje North,0.3568998109640832
2004,Nsanje,Nsanje South,0.5454411872749982
2004,Nsanje,Nsanje South-Wes,0.4119641888225719
2004,Ntcheu,Ntcheu Bwanje North,0.7083333333333333
2004,Ntcheu,Ntcheu Bwanje South,0.4891860007864727
2004,Ntcheu,Ntcheu Central,0.6243395261632863
2004,Ntcheu,Ntcheu North,0.6803438843298164
2004,Ntcheu,Ntcheu North-East,0.5283172398828252
2004,Ntcheu,Ntcheu West,0.7403700333636639
2004,Ntchisi,Ntchisi East,0.3258490566037736
2004,Ntchisi,Ntchisi North,0.6226198514517218
2004,Ntchisi,Ntchisi North-East,0.622472559214327
2004,Ntchisi,Ntchisi South,0.26167886146176733
2004,Phalombe,Phalombe Central,0.39953383700369716
2004,Phalombe,Phalombe East,0.41030250918471034
2004,Phalombe,Phalombe North,0.6127223341803207
2004,Phalombe,Phalombe North E,0.5538042968383525
2004,Phalombe,Phalombe South,0.5761763007064469
2004,Rumphi,Rumphi Central,0.43603716900719625
2004,Rumphi,Rumphi East,0.5096153846153846
2004,Rumphi,Rumphi North,0.5374430214890384
2004,Rumphi,Rumphi West,0.7268342096377406
2004,Salima,Salima Central,0.5126989389920424
2004,Salima,Salima North,0.3297921908489423
2004,Salima,Salima North-Wes,0.4250383553237189
2004,Salima,Salima South,0.5439369183774951
2004,Salima,Salima South-Eas,0.6277031802120141
2004,Thyolo,Thyolo Central,0.3553022608433961
2004,Thyolo,Thyolo East,0.3481929548111625
2004,Thyolo,Thyolo North,0.5571348419674584
2004,Thyolo,Thyolo South,0.3795276593035839
2004,Thyolo,Thyolo South Wes,0.7032030109839466
2004,Thyolo,Thyolo Thava,0.6915653018102907
2004,Thyolo,Thyolo West,0.4223091976516634
2004,Zomba,Zomba Central,0.6969463841874778
2004,Zomba,Zomba Changalume,0.4808538915192292
2004,Zomba,Zomba Chingale,0.6417870873657696
2004,Zomba,Zomba Chisi,0.4193287505054589
2004,Zomba,Zomba Likangala,0.5772511848341233
2004,Zomba,Zomba Lisanjala,0.5735759493670887
2004,Zomba,Zomba Malosa,0.414825521371051
2004,Zomba,Zomba Nsondole,0.6041766810874325
2004,Zomba,Zomba Ntonya,0.6566335476329632
2004,Zomba,Zomba Thondwe,0.48046841971759535
2009,Balaka,Balaka Central East,0.5100829424702547
2009,Balaka,Balaka North,0.5354481410595757
2009,Balaka,Balaka South,0.6638783644147026
2009,Balaka,Balaka West,0.65986529318542
2009,Blantyre,Blantyre Bangwe,0.5777810318738712
2009,Blantyre,Blantyre City East,0.31843195098428545
2009,Blantyre,Blantyre City South,0.5318413527290812
2009,Blantyre,Blantyre City South East,0.624393832071051
2009,Blantyre,Blantyre City West,0.4675251006863691
2009,Blantyre,Blantyre Kabula,0.6103861588752757
2009,Blantyre,Blantyre Malabada,0.4707292175225245
2009,Blantyre,Blantyre North,0.695165764700532
2009,Blantyre,Blantyre North East,0.6259565485091036
2009,Blantyre,Blantyre Rural East,0.6119815668202765
2009,Blantyre,Blantyre South West,0.5675320886814469
2009,Blantyre,Blantyre West,0.3906654537821006
2009,Chikwawa,Chikwawa Central,0.6970891100500489
2009,Chikwawa,Chikwawa East,0.623144271031595
2009,Chikwawa,Chikwawa Mkombezi,0.2277486107273341
2009,Chikwawa,Chikwawa North,0.46993448759943846
2009,Chikwawa,Chikwawa South,0.6177549891921781
2009,Chikwawa,Chikwawa West,0.45556991470664254
2009,Chiradzulu,Chiradzulu Central,0.5830988528493244
2009,Chiradzulu,Chiradzulu East,0.3448089790632419
2009,Chiradzulu,Chiradzulu North,0.5699485962831159
2009,Chiradzulu,Chiradzulu South,0.6300580212493407
2009,Chiradzulu,Chiradzulu West,0.5286320803562183
2009,Chitipa,Chitipa Central,0.5257924670882552
2009,Chitipa,Chitipa East,0.48426495497904964
2009,Chitipa,Chitipa North,0.5035140255454379
2009,Chitipa,Chitipa South,0.6173492248409356
2009,Chitipa,Chitipa Wenya,0.3470505796916805
2009,Dedza,Dedza Central,0.40299588179390866
2009,Dedza,Dedza Central East,0.4712903225806452
2009,Dedza,Dedza East,0.6509789832944135
2009,Dedza,Dedza North,0.5675145918634028
2009,Dedza,Dedza North West,0.2585679450232764
2009,Dedza,Dedza South,0.5027845785466383
2009,Dedza,Dedza South West,0.4546394068748596
2009,Dedza,Dedza West,0.30407501896159417
2009,Dowa,Dowa Central,0.35663035679342514
2009,Dowa,Dowa East,0.6446921192000632
2009,Dowa,Dowa Ngala,0.6442507753307424
2009,Dowa,Dowa North,0.6007127280463804
2009,Dowa,Dowa North East,0.5766467065868264
2009,Dowa,Dowa South East,0.7402453007192245
2009,Dowa,Dowa West,0.5775839024034606
2009,Karonga,Karonga Central,0.44574609504818874
2009,Karonga,Karonga North,0.5564696155436131
2009,Karonga,Karonga North West,0.5975132800186795
2009,Karonga,Karonga Nyungwe,0.5528094490339319
2009,Karonga,Karonga South,0.5122169249106079
2009,Kasungu,Kasungu Central,0.3805069402534701
2009,Kasungu,Kasungu East,0.4283052110862642
2009,Kasungu,Kasungu North,0.537764692560299
2009,Kasungu,Kasungu North East,0.5885204081632653
2009,Kasungu,Kasungu North North East,0.2843095004897159
2009,Kasungu,Kasungu North West,0.3766432283705289
2009,Kasungu,Kasungu South,0.5988630566285256
2009,Kasungu,Kasungu South East,0.5135069062461801
2009,Kasungu,Kasungu West,0.5176535920968025
2009,Likoma,Likoma Islands,0.656968559361802
2009,Lilongwe,Lilongwe Central,0.43091247672253263
2009,Lilongwe,Lilongwe City Centre,0.5979659135431632
2009,Lilongwe,Lilongwe City North,0.7309591073823588
2009,Lilongwe,Lilongwe City South East,0.5184300635916324
2009,Lilongwe,Lilongwe City South West,0.626557564057564
2009,Lilongwe,Lilongwe City West,0.5120913868353077
2009,Lilongwe,Lilongwe East,0.6191472057627512
2009,Lilongwe,Lilongwe Kumachenga,0.567398119122257
2009,Lilongwe,Lilongwe Mpenu,0.6085128404165858
2009,Lilongwe,Lilongwe Mpenu Nkhoma,0.5498057713651499
2009,Lilongwe,Lilongwe Msozi South,0.564947097854026
2009,Lilongwe,Lilongwe North,0.4968873797396718
2009,Lilongwe,Lilongwe North East,0.6580949976557147
2009,Lilongwe,Lilongwe North West,0.4807171630456316
2009,Lilongwe,Lilongwe South,0.6302944138380427
2009,Lilongwe,Lilongwe South East,0.32109129066107034
2009,Lilongwe,Lilongwe South West,0.528003049837111
2009,Lilongwe,Mapuyu North,0.6193482868244437
2009,Lilongwe,Mapuyu South,0.53218639626296
2009,Lilongwe,Msinja North,0.5175303445943407
2009,Lilongwe,Msinja South,0.3061608670849971
2009,Lilongwe,Msozi North,0.5806472919418758
2009,Machinga,Machinga Central,0.4733814454554963
2009,Machinga,Machinga Central East,0.5026610644257703
2009,Machinga,Machinga East,0.44058846869944757
2009,Machinga,Machinga Likwenu,0.6783015648613074
2009,Machinga,Machinga North East,0.5136936173491006
2009,Machinga,Machinga South,0.6165229700167288
2009,Machinga,Machinga South East,0.4359381931095667
2009,Mangochi,Mangochi Central,0.556508021549543
2009,Mangochi,Mangochi East,0.44481009926629267
2009,Mangochi,Mangochi Lutende,0.7030760729416099
2009,Mangochi,Mangochi Malombe,0.7447829821636097
2009,Mangochi,Mangochi Masongola,0.7306322350845948
2009,Mangochi,Mangochi Monkey Bay,0.5675811224233913
2009,Mangochi,Mangochi Nkungulu,0.6326205146792316
2009,Mangochi,Mangochi North,0.4066485565633777
2009,Mangochi,Mangochi North East,0.7553206617054558
2009,Mangochi,Mangochi South,0.56369270301931
2009,Mangochi,Mangochi South West,0.6569042357964121
2009,Mangochi,Mangochi West,0.7544146295481682
2009,Mchinji,Mchinji East,0.521878710585338
2009,Mchinji,Mchinji North,0.5770500462168229
2009,Mchinji,Mchinji North East,0.4838325831651922
2009,Mchinji,Mchinji South,0.549710901142293
2009,Mchinji,Mchinji South West,0.45798150381986324
2009,Mchinji,Mchinji West,0.572102823430257
2009,Mulanje,Mulanje Bale,0.4812533476164971
2009,Mulanje,Mulanje Central,0.44561403508771935
2009,Mulanje,Mulanje Limbuli,0.5013919474799517
2009,Mulanje,Mulanje North,0.723417589304366
2009,Mulanje,Mulanje Pasani,0.613257475522625
2009,Mulanje,Mulanje South,0.5221976167879363
2009,Mulanje,Mulanje South East,0.5587177088580269
2009,Mulanje,Mulanje South West,0.4396726585997063
2009,Mulanje,Mulanje West,0.3873346232285729
2009,Mwanza,Mwanza Central,0.43785578747628084
2009,Mwanza,Mwanza West,0.5388864973453867
2009,Mzimba,Mzimba Central,0.45180269058295963
2009,Mzimba,Mzimba East,0.4548885565762302
2009,Mzimba,Mzimba Hora,0.20671770807606815
2009,Mzimba,Mzimba Luwerezi,0.27710517154682246
2009,Mzimba,Mzimba North,0.15050405923811228
2009,Mzimba,Mzimba North East,0.3528976476086618
2009,Mzimba,Mzimba Solola,0.3708428366838169
2009,Mzimba,Mzimba South,0.5863445378151261
2009,Mzimba,Mzimba South East,0.585632558476356
2009,Mzimba,Mzimba South West,0.22556390977443608
2009,Mzimba,Mzimba West,0.4979974139834117
2009,Mzuzu,Mzuzu City,0.341105623588595
2009,Neno,Neno North,0.39834946833835894
2009,Neno,Neno South,0.6621767824299469
2009,Nkhatabay,Nkhata Bay Central,0.4343947085063836
2009,Nkhatabay,Nkhata Bay North,0.4647469458987784
2009,Nkhatabay,Nkhata Bay North West,0.4220194647201947
2009,Nkhatabay,Nkhata Bay South,0.5493172758883895
2009,Nkhatabay,Nkhata Bay South East,0.6238742614581541
2009,Nkhatabay,Nkhata Bay West,0.33829832833261897
2009,Nkhotakota,Nkhota Kota Central,0.6934570095534326
2009,Nkhotakota,Nkhota Kota North,0.3125556544968834
2009,Nkhotakota,Nkhota Kota North East,0.35052998792432577
2009,Nkhotakota,Nkhota Kota South,0.6577181208053691
2009,Nkhotakota,Nkhota Kota South East,0.7036683485612982
2009,Nsanje,Nsanje Central,0.4224353628023353
2009,Nsanje,Nsanje Lalanje,0.5354440608242121
2009,Nsanje,Nsanje North,0.687605232482839
2009,Nsanje,Nsanje South,0.6200498908637355
2009,Nsanje,Nsanje South West,0.7309298611964132
2009,Ntcheu,Ntcheu Bwanje North,0.47363233119763426
2009,Ntcheu,Ntcheu Bwanje South,0.5042444821731749
2009,Ntcheu,Ntcheu Central,0.7380403659473427
2009,Ntcheu,Ntcheu North,0.6244022149509187
2009,Ntcheu,Ntcheu North East,0.5707729757771659
2009,Ntcheu,Ntcheu South,0.6133182204590535
2009,Ntcheu,Ntcheu West,0.6055888380892323
2009,Ntchisi,Ntchisi East,0.4651444880485195
2009,Ntchisi,Ntchisi North,0.21432285511699367
2009,Ntchisi,Ntchisi North East,0.44400144980065237
2009,Ntchisi,Ntchisi South,0.3373273229605933
2009,Phalombe,Phalombe Central,0.3135615781907247
2009,Phalombe,Phalombe East,0.5147876362019124
2009,Phalombe,Phalombe North,0.4268923076923077
2009,Phalombe,Phalombe North East,0.5089891831406193
2009,Phalombe,Phalombe South,0.5464925400357494
2009,Rumphi,Rumphi Central,0.2530363423212192
2009,Rumphi,Rumphi East,0.6203438395415473
2009,Rumphi,Rumphi North,0.47818768410716794
2009,Rumphi,Rumphi West,0.4494140559417078
2009,Salima,Salima Central,0.7486552567237164
2009,Salima,Salima North,0.5638433604867995
2009,Salima,Salima North West,0.7317816732133435
2009,Salima,Salima South,0.7097521725136788
2009,Salima,Salima South East,0.7417154623254617
2009,Thyolo,Thyolo Central,0.39978272677892446
2009,Thyolo,Thyolo East,0.1871138298853401
2009,Thyolo,Thyolo North,0.5463392148326461
2009,Thyolo,Thyolo South,0.699595496856572
2009,Thyolo,Thyolo South West,0.7788939114905966
2009,Thyolo,Thyolo Thava,0.5526365886160289
2009,Thyolo,Thyolo West,0.46790846194784463
2009,Zomba,Zomba Central,0.6681402984104281
2009,Zomba,Zomba Changalume,0.5652094272804982
2009,Zomba,Zomba Chingale,0.6571998006975586
2009,Zomba,Zomba Chisi,0.4962106713618617
2009,Zomba,Zomba Likangala,0.6424894712213383
2009,Zomba,Zomba Lisanjala,0.6515905038941541
2009,Zomba,Zomba Malosa,0.3688699360341151
2009,Zomba,Zomba Nsondole,0.5465908072753338
2009,Zomba,Zomba Ntonya,0.6263330101793505
2009,Zomba,Zomba Thondwe,0.4200125367028471
2014,Balaka,Balaka Central East,0.6690113794593556
2014,Balaka,Balaka North,0.4950004558854816
2014,Balaka,Balaka South,0.7096279901251383
2014,Balaka,Balaka West,0.5971845736816166
2014,Blantyre,Blantyre Bangwe,0.4714378378378379
2014,Blantyre,Blantyre City Centre,0.7075908883232165
2014,Blantyre,Blantyre City East,0.5717080327668419
2014,Blantyre,Blantyre City South,0.7531720595337401
2014,Blantyre,Blantyre City South East,0.4512146752602876
2014,Blantyre,Blantyre City West,0.6283579291319603
2014,Blantyre,Blantyre Kabula,0.6569980694980695
2014,Blantyre,Blantyre Malabada,0.6325554923164485
2014,Blantyre,Blantyre North East,0.6457619196011218
2014,Blantyre,Blantyre Rural East,0.6705655703866795
2014,Blantyre,Blantyre South West,0.6399395474225962
2014,Blantyre,Blantyre West,0.5293210430041964
2014,Chikwawa,Chikwawa Central,0.6072872545244513
2014,Chikwawa,Chikwawa East,0.6470690630575744
2014,Chikwawa,Chikwawa Mkombezi,0.42742216205762906
2014,Chikwawa,Chikwawa North,0.5439523785087494
2014,Chikwawa,Chikwawa South,0.5223931457501704
2014,Chikwawa,Chikwawa West,0.5389883616830797
2014,Chiradzulu,Chiradzulu Central,0.6557385143308564
2014,Chiradzulu,Chiradzulu East,0.4527845036319612
2014,Chiradzulu,Chiradzulu North,0.7149226508140242
2014,Chiradzulu,Chiradzulu South,0.41116909903434484
2014,Chiradzulu,Chiradzulu West,0.5300060313630881
2014,Chitipa,Chitipa Central,0.658963042819122
2014,Chitipa,Chitipa East,0.5391515151515152
2014,Chitipa,Chitipa North,0.43390290543458143
2014,Chitipa,Chitipa South,0.53538212697129
2014,Chitipa,Chitipa Wenya,0.6944221738632459
2014,Dedza,Dedza Central,0.4344203023311869
2014,Dedza,Dedza Central East,0.6413789517470883
2014,Dedza,Dedza East,0.4103626943005181
2014,Dedza,Dedza North,0.5681549096742161
2014,Dedza,Dedza North West,0.6349240134519603
2014,Dedza,Dedza South,0.4763928914505283
2014,Dedza,Dedza South West,0.4637154646573376
2014,Dedza,Dedza West,0.4066670766959838
2014,Dowa,Dowa Central,0.5809334379202151
2014,Dowa,Dowa East,0.6134170673470055
2014,Dowa,Dowa Ngala,0.5451847196033243
2014,Dowa,Dowa North,0.5785351106225093
2014,Dowa,Dowa North East,0.4036463708290333
2014,Dowa,Dowa South East,0.43621947796800453
2014,Dowa,Dowa West,0.3733978550876276
2014,Karonga,Karonga Central,0.4552228786251342
2014,Karonga,Karonga North,0.41500000000000004
2014,Karonga,Karonga North West,0.44666069516964146
2014,Karonga,Karonga Nyungwe,0.6168097605061003
2014,Karonga,Karonga South,0.5659050136908697
2014,Kasungu,Kasungu Central,0.5783488648959316
2014,Kasungu,Kasungu East,0.45500703661800823
2014,Kasungu,Kasungu North,0.595860620906864
2014,Kasungu,Kasungu North East,0.5743846105169905
2014,Kasungu,Kasungu North North East,0.7117384337390474
2014,Kasungu,Kasungu North West,0.5964525029562475
2014,Kasungu,Kasungu South,0.7243371537428562
2014,Kasungu,Kasungu South East,0.5522432776571043
2014,Kasungu,Kasungu West,0.6018777840014937
2014,Likoma,Likoma Islands,0.6888274909342083
2014,Lilongwe,Lilongwe Central,0.499078921853791
2014,Lilongwe,Lilongwe City Centre,0.6176809368400844
2014,Lilongwe,Lilongwe City North,0.6175350939804901
2014,Lilongwe,Lilongwe City South East,0.7434540259496931
2014,Lilongwe,Lilongwe City South West,0.6336212525418353
2014,Lilongwe,Lilongwe City West,0.6302429071985097
2014,Lilongwe,Lilongwe East,0.5895508184240579
2014,Lilongwe,Lilongwe Kumachenga,0.42573123062407336
2014,Lilongwe,Lilongwe Mpenu,0.5386354414236856
2014,Lilongwe,Lilongwe Mpenu Nkhoma,0.6594629230500378
2014,Lilongwe,Lilongwe Msozi South,0.48507424077810546
2014,Lilongwe,Lilongwe North,0.3064374904827166
2014,Lilongwe,Lilongwe North East,0.536725077761695
2014,Lilongwe,Lilongwe North West,0.09516101756335615
2014,Lilongwe,Lilongwe South,0.4038849784470999
2014,Lilongwe,Lilongwe South East,0.23808279322600878
2014,Lilongwe,Lilongwe South West,0.6520550770976226
2014,Lilongwe,Mapuyu North,0.4359623859259516
2014,Lilongwe,Mapuyu South,0.458517070509615
2014,Lilongwe,Msinja North,0.6447922937989163
2014,Lilongwe,Msinja South,0.554638004107135
2014,Lilongwe,Msozi North,0.7198098814693111
2014,Machinga,Machinga Central,0.7242295430393199
2014,Machinga,Machinga Central East,0.6592546723710876
2014,Machinga,Machinga East,0.5336842638052336
2014,Machinga,Machinga Likwenu,0.8270787653904537
2014,Machinga,Machinga North East,0.5927617439361376
2014,Machinga,Machinga South,0.46402182562237126
2014,Machinga,Machinga South East,0.6663178548070634
2014,Mangochi,Mangochi Central,0.6618404036818216
2014,Mangochi,Mangochi East,0.4286665622062049
2014,Mangochi,Mangochi Lutende,0.6407417658455576
2014,Mangochi,Mangochi Malombe,0.5693775933609959
2014,Mangochi,Mangochi Masongola,0.5515784057917754
2014,Mangochi,Mangochi Monkey Bay,0.6310626702997275
2014,Mangochi,Mangochi Nkungulu,0.37462006079027355
2014,Mangochi,Mangochi North,0.6612088863242931
2014,Mangochi,Mangochi North East,0.44474974636455866
2014,Mangochi,Mangochi South,0.4834655664868296
2014,Mangochi,Mangochi South West,0.756285514127812
2014,Mangochi,Mangochi West,0.7577295068970984
2014,Mchinji,Mchinji East,0.7124726932279205
2014,Mchinji,Mchinji North,0.5652882398155266
2014,Mchinji,Mchinji North East,0.46359570249458204
2014,Mchinji,Mchinji South,0.5385040123684017
2014,Mchinji,Mchinji South West,0.49469411913922123
2014,Mchinji,Mchinji West,0.5342887473460722
2014,Mulanje,Mulanje Bale,0.3972329263196992
2014,Mulanje,Mulanje Central,0.5479241414659148
2014,Mulanje,Mulanje Limbuli,0.4510729753492462
2014,Mulanje,Mulanje North,0.5941735560429673
2014,Mulanje,Mulanje Pasani,0.49690166778796785
2014,Mulanje,Mulanje South,0.599129701167799
2014,Mulanje,Mulanje South East,0.5647340460418443
2014,Mulanje,Mulanje South West,0.5708497650045918
2014,Mulanje,Mulanje West,0.3850833708877873
2014,Mwanza,Mwanza Central,0.5919237240605721
2014,Mwanza,Mwanza West,0.6568772573864645
2014,Mzimba,Mzimba Central,0.3804970713946494
2014,Mzimba,Mzimba East,0.6397839211947887
2014,Mzimba,Mzimba Hora,0.17884520977304486
2014,Mzimba,Mzimba Luwerezi,0.5991072023452595
2014,Mzimba,Mzimba North,0.6338672768878719
2014,Mzimba,Mzimba North East,0.5131105555216782
2014,Mzimba,Mzimba Solola,0.7222363351539015
2014,Mzimba,Mzimba South,0.6316428948758585
2014,Mzimba,Mzimba South East,0.6067578148527375
2014,Mzimba,Mzimba South West,0.6674923623152507
2014,Mzimba,Mzimba West,0.44408179770088385
2014,Mzuzu,Mzuzu City,0.6479763671652015
2014,Neno,Neno North,0.6812913907284768
2014,Neno,Neno South,0.784829523687907
2014,Nkhatabay,Nkhata Bay Central,0.520906359539309
2014,Nkhatabay,Nkhata Bay North,0.41779855353677897
2014,Nkhatabay,Nkhata Bay North West,0.7065555614155372
2014,Nkhatabay,Nkhata Bay South,0.32570298148933163
2014,Nkhatabay,Nkhata Bay South East,0.5252316076294278
2014,Nkhatabay,Nkhata Bay West,0.5731154354808237
2014,Nkhotakota,Nkhota Kota Central,0.6940853340910167
2014,Nkhotakota,Nkhota Kota North,0.6558909146621725
2014,Nkhotakota,Nkhota Kota North East,0.788546255506608
2014,Nkhotakota,Nkhota Kota South,0.5687383620841092
2014,Nkhotakota,Nkhota Kota South East,0.6659367130187233
2014,Nsanje,Nsanje Central,0.625563180148333
2014,Nsanje,Nsanje Lalanje,0.565825496964647
2014,Nsanje,Nsanje North,0.4663907899623322
2014,Nsanje,Nsanje South,0.43991675617615467
2014,Nsanje,Nsanje South West,0.7548724131002612
2014,Ntcheu,Ntcheu Bwanje North,0.7511401234015918
2014,Ntcheu,Ntcheu Bwanje South,0.6850766456266908
2014,Ntcheu,Ntcheu Central,0.5643302363871574
2014,Ntcheu,Ntcheu North,0.6763126491646778
2014,Ntcheu,Ntcheu North East,0.6978069232423134
2014,Ntcheu,Ntcheu South,0.40162721893491127
2014,Ntcheu,Ntcheu West,0.633184917644861
2014,Ntchisi,Ntchisi East,0.596170944223816
2014,Ntchisi,Ntchisi North,0.646579548138235
2014,Ntchisi,Ntchisi North East,0.5747005673460811
2014,Ntchisi,Ntchisi South,0.4185526816279954
2014,Phalombe,Phalombe Central,0.6712608057413146
2014,Phalombe,Phalombe East,0.5354562258443959
2014,Phalombe,Phalombe North,0.38935527199462727
2014,Phalombe,Phalombe North East,0.5882745949557374
2014,Phalombe,Phalombe South,0.4162969938787143
2014,Rumphi,Rumphi Central,0.6375469831849654
2014,Rumphi,Rumphi East,0.6280701754385964
2014,Rumphi,Rumphi North,0.46802343897675003
2014,Rumphi,Rumphi West,0.43630896311861456
2014,Salima,Salima Central,0.7607761501881172
2014,Salima,Salima North,0.5719828466408006
2014,Salima,Salima North West,0.44548189646228864
2014,Salima,Salima South,0.5516284233900814
2014,Salima,Salima South East,0.6570505802496168
2014,Thyolo,Thyolo Central,0.4919875967524321
2014,Thyolo,Thyolo East,0.10034647835171517
2014,Thyolo,Thyolo North,0.6479821087835204
2014,Thyolo,Thyolo South,0.6673209866006657
2014,Thyolo,Thyolo South West,0.6518981843454088
2014,Thyolo,Thyolo Thava,0.30491377588388047
2014,Thyolo,Thyolo West,0.7007161007161007
2014,Zomba,Zomba Central,0.683639176357623
2014,Zomba,Zomba Changalume,0.6888888888888889
2014,Zomba,Zomba Chingale,0.5500450429092978
2014,Zomba,Zomba Chisi,0.5033157244014836
2014,Zomba,Zomba Likangala,0.6660936007640879
2014,Zomba,Zomba Lisanjala,0.4704367728399771
2014,Zomba,Zomba Malosa,0.534134397761409
2014,Zomba,Zomba Nsondole,0.7257883784216423
2014,Zomba,Zomba Ntonya,0.6452650255045465
2014,Zomba,Zomba Thondwe,0.444185360094451
2019,Balaka,Balaka Central East,0.5354519606681674
2019,Balaka,Balaka North,0.48511335700628244
2019,Balaka,Balaka South,0.6666195790365871
2019,Balaka,Balaka West,0.6137002088885688
2019,Blantyre,Blantyre Bangwe,0.4240108306402306
2019,Blantyre,Blantyre City Centre,0.6710837126231491
2019,Blantyre,Blantyre City East,0.3355042990269268
2019,Blantyre,Blantyre City South,0.6322900096341273
2019,Blantyre,Blantyre City South East,0.3831468548367608
2019,Blantyre,Blantyre City West,0.7100593507751938
2019,Blantyre,Blantyre Kabula,0.5851270308581398
2019,Blantyre,Blantyre Malabada,0.737023293244512
2019,Blantyre,Blantyre North,0.3987940183309213
2019,Blantyre,Blantyre North East,0.6484157160963244
2019,Blantyre,Blantyre Rural East,0.3186551621541208
2019,Blantyre,Blantyre South West,0.5716957890414709
2019,Blantyre,Blantyre West,0.744542772861357
2019,Chikhwawa,Chikhwawa Central,0.6292887553218132
2019,Chikhwawa,Chikhwawa East,0.6654829545454546
2019,Chikhwawa,Chikhwawa Mkombezi,0.6215265963479641
2019,Chikhwawa,Chikhwawa North,0.3495562130177515
2019,Chikhwawa,Chikhwawa South,0.3465578074997948
2019,Chikhwawa,Chikhwawa West,0.4993093188821591
2019,Chiradzulu,Chiradzulu Central,0.24229404590309345
2019,Chiradzulu,Chiradzulu East,0.4126822494792872
2019,Chiradzulu,Chiradzulu North,0.7215245327102804
2019,Chiradzulu,Chiradzulu South,0.17533090351045466
2019,Chiradzulu,Chiradzulu West,0.3930655109184864
2019,Chitipa,Chitipa Central,0.4522029964847616
2019,Chitipa,Chitipa East,0.6001467351430667
2019,Chitipa,Chitipa North,0.6679925931006103
2019,Chitipa,Chitipa South,0.33947254647643754
2019,Chitipa,Chitipa Wenya,0.5824819337154249
2019,Dedza,Dedza Central,0.33476315497540954
2019,Dedza,Dedza Central East,0.6457274332495051
2019,Dedza,Dedza East,0.5939583333333334
2019,Dedza,Dedza North,0.5432642379429236
2019,Dedza,Dedza North West,0.5592011412268189
2019,Dedza,Dedza South,0.5861800486618005
2019,Dedza,Dedza South West,0.22402210884353746
2019,Dedza,Dedza West,0.5904728257669434
2019,Dowa,Dowa Central,0.36544437538844
2019,Dowa,Dowa East,0.2379026998826138
2019,Dowa,Dowa Ngala,0.5395865405762041
2019,Dowa,Dowa North,0.4682854311199207
2019,Dowa,Dowa North East,0.6573428788646731
2019,Dowa,Dowa South East,0.46486454337288485
2019,Dowa,Dowa West,0.424218540080609
2019,Karonga,Karonga Central,0.606842400448682
2019,Karonga,Karonga North,0.2192271166630141
2019,Karonga,Karonga North West,0.5744718848862129
2019,Karonga,Karonga Nyungwe,0.5269973269973269
2019,Karonga,Karonga South,0.5306385834494863
2019,Kasungu,Kasungu Central,0.32801194441254167
2019,Kasungu,Kasungu East,0.35816554809843404
2019,Kasungu,Kasungu North,0.6815813845797638
2019,Kasungu,Kasungu North East,0.5095690057569628
2019,Kasungu,Kasungu North North East,0.5471862549800797
2019,Kasungu,Kasungu North West,0.6487329621808409
2019,Kasungu,Kasungu South,0.4547941504272349
2019,Kasungu,Kasungu South East,0.6001066272965879
2019,Kasungu,Kasungu West,0.34615979461164903
2019,Likoma,Likoma Islands,0.47156439066551425
2019,Lilongwe,Lilongwe Central,0.5457498398755605
2019,Lilongwe,Lilongwe City Centre,0.5966965580904655
2019,Lilongwe,Lilongwe City North,0.577985968514716
2019,Lilongwe,Lilongwe City South East,0.5437585536267378
2019,Lilongwe,Lilongwe City South West,0.5649729968037033
2019,Lilongwe,Lilongwe City West,0.5959667433221298
2019,Lilongwe,Lilongwe East,0.6361031518624642
2019,Lilongwe,Lilongwe Kumachenga,0.3473799259214282
2019,Lilongwe,Lilongwe Mpenu,0.6427779398891158
2019,Lilongwe,Lilongwe Mpenu Nkhoma,0.3960590060421316
2019,Lilongwe,Lilongwe Msinja North,0.6132362529884807
2019,Lilongwe,Lilongwe Msinja South,0.5124613345117102
2019,Lilongwe,Lilongwe Msozi North,0.16738931297709925
2019,Lilongwe,Lilongwe Msozi South,0.4872298624754421
2019,Lilongwe,Lilongwe North,0.6167192995047728
2019,Lilongwe,Lilongwe North East,0.2875765476262657
2019,Lilongwe,Lilongwe North West,0.08270070540812902
2019,Lilongwe,Lilongwe South East,0.5251719995631757
2019,Lilongwe,Lilongwe South West,0.6123872990983927
2019,Lilongwe,Mapuyu North,0.327601273328756
2019,Lilongwe,Mapuyu South,0.48445276277170446
2019,Machinga,Machinga Central,0.7835014051909407
2019,Machinga,Machinga Central East,0.7177476835352816
2019,Machinga,Machinga East,0.3614224020116985
2019,Machinga,Machinga Likwenu,0.4764737432346775
2019,Machinga,Machinga North East,0.7115325921081317
2019,Machinga,Machinga South,0.67405804939607
2019,Machinga,Machinga South East,0.7341377840443322
2019,Mangochi,Mangochi Central,0.6645976611962162
2019,Mangochi,Mangochi East,0.5043674144906216
2019,Mangochi,Mangochi Lutende,0.523028018037998
2019,Mangochi,Mangochi Malombe,0.7870168397173022
2019,Mangochi,Mangochi Masongola,0.7038888418198763
2019,Mangochi,Mangochi Monkey Bay,0.6375945683802133
2019,Mangochi,Mangochi Nkungulu,0.6339836465356476
2019,Mangochi,Mangochi North,0.5211965211965213
2019,Mangochi,Mangochi North East,0.6161408908267076
2019,Mangochi,Mangochi South,0.7105510626293022
2019,Mangochi,Mangochi South West,0.6536299607205742
2019,Mangochi,Mangochi West,0.77103985433947
2019,Mchinji,Mchinji Central,0.5026685115635501
2019,Mchinji,Mchinji East,0.6876780752048964
2019,Mchinji,Mchinji North,0.5538498940714758
2019,Mchinji,Mchinji North East,0.6020277089641252
2019,Mchinji,Mchinji South,0.4860824950511049
2019,Mchinji,Mchinji South West,0.5570245459988026
2019,Mulanje,Mulanje Bale,0.3551216456092722
2019,Mulanje,Mulanje Central,0.1936780200931144
2019,Mulanje,Mulanje Limbuli,0.4491980288144637
2019,Mulanje,Mulanje North,0.620771547729379
2019,Mulanje,Mulanje Pasani,0.591187844224835
2019,Mulanje,Mulanje South,0.37452924115839137
2019,Mulanje,Mulanje South East,0.5427625003569491
2019,Mulanje,Mulanje South West,0.6678225517158914
2019,Mulanje,Mulanje West,0.5987264023123475
2019,Mwanza,Mwanza Central,0.5910054609701253
2019,Mwanza,Mwanza West,0.6639980737976283
2019,Mzimba,Mzimba Central,0.620958751393534
2019,Mzimba,Mzimba East,0.6693724015046525
2019,Mzimba,Mzimba Hora,0.454676076575244
2019,Mzimba,Mzimba Luwerezi,0.6314560633932362
2019,Mzimba,Mzimba North,0.7061783617556612
2019,Mzimba,Mzimba North East,0.6781721773784998
2019,Mzimba,Mzimba Solola,0.6883795837462834
2019,Mzimba,Mzimba South,0.586758477803845
2019,Mzimba,Mzimba South East,0.707560199363478
2019,Mzimba,Mzimba South West,0.5674700995161144
2019,Mzimba,Mzimba West,0.6033772652388798
2019,Mzimba,Mzuzu City,0.6586157173756308
2019,Neno,Neno North,0.6283116883116884
2019,Neno,Neno South,0.6796482969936498
2019,Nkhatabay,Nkhatabay Central,0.5398134863701578
2019,Nkhatabay,Nkhatabay North,0.4531310398144569
2019,Nkhatabay,Nkhatabay North West,0.7328488189963035
2019,Nkhatabay,Nkhatabay South,0.6778856846319223
2019,Nkhatabay,Nkhatabay South East,0.5784582469746606
2019,Nkhatabay,Nkhatabay West,0.5255139955412436
2019,Nkhotakota,Nkhotakota Central,0.6099517669061916
2019,Nkhotakota,Nkhotakota North,0.5580451307358618
2019,Nkhotakota,Nkhotakota North East,0.6455939886977582
2019,Nkhotakota,Nkhotakota South,0.5580142764438676
2019,Nkhotakota,Nkhotakota South East,0.6831392261672979
2019,Nsanje,Nsanje Central,0.5021235630556657
2019,Nsanje,Nsanje Lalanje,0.46979737783075093
2019,Nsanje,Nsanje North,0.48716527375063956
2019,Nsanje,Nsanje South,0.5658448895737032
2019,Nsanje,Nsanje South West,0.43129586500856876
2019,Ntcheu,Ntcheu Bwanje North,0.7512388945935087
2019,Ntcheu,Ntcheu Bwanje South,0.6063231695217938
2019,Ntcheu,Ntcheu Central,0.7130136511676253
2019,Ntcheu,Ntcheu North,0.5745363963465264
2019,Ntcheu,Ntcheu North East,0.600655038464468
2019,Ntcheu,Ntcheu South,0.6568185273399889
2019,Ntcheu,Ntcheu West,0.4892387334680708
2019,Ntchisi,Ntchisi East,0.6521532865953297
2019,Ntchisi,Ntchisi North,0.4649217261658246
2019,Ntchisi,Ntchisi North East,0.4497282608695652
2019,Ntchisi,Ntchisi South,0.6477309182439602
2019,Phalombe,Phalombe Central,0.2842019193527564
2019,Phalombe,Phalombe East,0.346682606096832
2019,Phalombe,Phalombe North,0.5990986971265393
2019,Phalombe,Phalombe North East,0.5896954986760812
2019,Phalombe,Phalombe South,0.4019771127706442
2019,Rumphi,Rumphi Central,0.6370345237085419
2019,Rumphi,Rumphi East,0.49853753656158595
2019,Rumphi,Rumphi North,0.2513207547169811
2019,Rumphi,Rumphi West,0.4571978780611874
2019,Salima,Salima Central,0.4891941627080926
2019,Salima,Salima North,0.4795794581479984
2019,Salima,Salima North West,0.4587899646771125
2019,Salima,Salima South,0.5375195924764891
2019,Salima,Salima South East,0.5448637051993943
2019,Thyolo,Thyolo Central,0.13796267971856835
2019,Thyolo,Thyolo East,0.4338219154695998
2019,Thyolo,Thyolo North,0.6077955943911979
2019,Thyolo,Thyolo South (Thekerani),0.6529005524861878
2019,Thyolo,Thyolo South West,0.4915943733764643
2019,Thyolo,Thyolo Thava,0.19039592721268617
2019,Thyolo,Thyolo West,0.7074669944946282
2019,Zomba,Zomba Central/City,0.6758941423984055
2019,Zomba,Zomba Changalume,0.6019452082696812
2019,Zomba,Zomba Chingale,0.7031671554252199
2019,Zomba,Zomba Chisi,0.4925476603119584
2019,Zomba,Zomba Likangala,0.3960150743247959
2019,Zomba,Zomba Lisanjala,0.4851795468791976
2019,Zomba,Zomba Malosa,0.6349135802469136
2019,Zomba,Zomba Nsondole,0.6971504897595726
2019,Zomba,Zomba Ntonya,0.6619474225290057
2019,Zomba,Zomba Thondwe,0.5682108079519647
